dataset,negative_strategy,seed,split,model,embedding_dim,walks_per_node,walk_length,window_size,max_pairs,positive_walk_pairs,num_train,num_eval,auroc,auprc,brier,nll,ece_10,walk_seconds,embedding_seconds,decoder_seconds,inference_seconds
string_human_physical_no_biogrid_overlap,random,42,val,node2vec_walk_logreg,64,2,16,3,2000000,2000000,503266,62906,0.9251708634156073,0.9386268639224071,0.10375112852120892,0.3464588201583869,0.027253650401018018,0.5484622000003583,3.785130600001139,0.30262560000119265,0.003939400005037896
string_human_physical_no_biogrid_overlap,random,42,test,node2vec_walk_logreg,64,2,16,3,2000000,2000000,503266,62906,0.9248445085495549,0.9383834218068432,0.10379111807960438,0.3474700252282107,0.02754028432834713,0.5484622000003583,3.785130600001139,0.30262560000119265,0.0036246000017854385
string_human_physical_no_biogrid_overlap,random,43,val,node2vec_walk_logreg,64,2,16,3,2000000,2000000,503266,62906,0.9281737294806993,0.9411398755149936,0.1015592008170564,0.3387012293823427,0.024957304290764624,0.5743182999940473,3.0321934999956284,0.3084978000042611,0.004883800000243355
string_human_physical_no_biogrid_overlap,random,43,test,node2vec_walk_logreg,64,2,16,3,2000000,2000000,503266,62906,0.9270654582355639,0.9400315011808129,0.10213863058186552,0.3418986228816884,0.026705598300994976,0.5743182999940473,3.0321934999956284,0.3084978000042611,0.0043436999985715374
string_human_physical_no_biogrid_overlap,random,44,val,node2vec_walk_logreg,64,2,16,3,2000000,2000000,503266,62906,0.9264458914240691,0.9397841666006123,0.10262762784687056,0.3423396624624073,0.02717822371574732,0.6265984999990906,2.940870600003109,0.31921580000198446,0.0036690999986603856
string_human_physical_no_biogrid_overlap,random,44,test,node2vec_walk_logreg,64,2,16,3,2000000,2000000,503266,62906,0.9256087001173382,0.939495159138706,0.10349584724091446,0.3440798168472139,0.026100838602624993,0.6265984999990906,2.940870600003109,0.31921580000198446,0.0034908000016002916
string_human_physical_no_biogrid_overlap,random,45,val,node2vec_walk_logreg,64,2,16,3,2000000,2000000,503266,62906,0.9237997989730443,0.9379767165285557,0.10454814914432733,0.3491928756923926,0.02861789895418668,0.5745979999992414,2.9888467000055243,0.32131989999470534,0.0036338999998406507
string_human_physical_no_biogrid_overlap,random,45,test,node2vec_walk_logreg,64,2,16,3,2000000,2000000,503266,62906,0.9269156550242832,0.9403347141695494,0.10234170747612832,0.3411640639040009,0.025856209211843343,0.5745979999992414,2.9888467000055243,0.32131989999470534,0.003673999999591615
string_human_physical_no_biogrid_overlap,random,46,val,node2vec_walk_logreg,64,2,16,3,2000000,2000000,503266,62906,0.9299923072499476,0.9425617447888348,0.10000672960059444,0.33465254903921543,0.025398133817458025,0.6021546999982093,2.9870418999998947,0.31346140000096057,0.003527200002281461
string_human_physical_no_biogrid_overlap,random,46,test,node2vec_walk_logreg,64,2,16,3,2000000,2000000,503266,62906,0.9286823633343335,0.9416583577557917,0.10155993362934138,0.3382848682029232,0.027905558513722034,0.6021546999982093,2.9870418999998947,0.31346140000096057,0.003463100001681596
string_human_physical_no_biogrid_overlap,random,47,val,node2vec_walk_logreg,64,2,16,3,2000000,2000000,503266,62906,0.9259172119055998,0.9390935379943914,0.10292809290486818,0.3449321981335778,0.027113944625796856,0.5726137999954517,2.9358098000011523,0.3227358000003733,0.003917500005627517
string_human_physical_no_biogrid_overlap,random,47,test,node2vec_walk_logreg,64,2,16,3,2000000,2000000,503266,62906,0.9288484256610836,0.9415270635013504,0.10094746926919113,0.33706659999385247,0.02565122294216225,0.5726137999954517,2.9358098000011523,0.3227358000003733,0.0036565000045811757
string_human_physical_no_biogrid_overlap,random,48,val,node2vec_walk_logreg,64,2,16,3,2000000,2000000,503266,62906,0.928186139375671,0.940966548106847,0.10163562023321793,0.3378732722678266,0.024954391429323194,0.5693456000008155,2.8998426999969524,0.31873970000015106,0.0035189000045647845
string_human_physical_no_biogrid_overlap,random,48,test,node2vec_walk_logreg,64,2,16,3,2000000,2000000,503266,62906,0.9279186721247819,0.9406658918644863,0.1020427778929918,0.33980036178047673,0.027320708870644358,0.5693456000008155,2.8998426999969524,0.31873970000015106,0.003701000001456123
string_human_physical_no_biogrid_overlap,random,49,val,node2vec_walk_logreg,64,2,16,3,2000000,2000000,503266,62906,0.9255283163038801,0.9392181536222555,0.10277359467513922,0.3446649648285429,0.026228526595657477,0.5815705999993952,2.9429535000017495,0.31563350000214996,0.003779500002565328
string_human_physical_no_biogrid_overlap,random,49,test,node2vec_walk_logreg,64,2,16,3,2000000,2000000,503266,62906,0.9255364898324898,0.9387543458384059,0.10359338047803347,0.3455235993500033,0.028155039894122658,0.5815705999993952,2.9429535000017495,0.31563350000214996,0.0035164000000804663
string_human_physical_no_biogrid_overlap,random,50,val,node2vec_walk_logreg,64,2,16,3,2000000,2000000,503266,62906,0.9255056384514987,0.9392329363442508,0.1030661974005139,0.3447363058681114,0.026222011553080935,0.6286077999975532,2.9142423999946914,0.3060038999974495,0.003762799999094568
string_human_physical_no_biogrid_overlap,random,50,test,node2vec_walk_logreg,64,2,16,3,2000000,2000000,503266,62906,0.927267359352427,0.9406863381733747,0.10229063128113558,0.34027407165099854,0.025531287220902588,0.6286077999975532,2.9142423999946914,0.3060038999974495,0.0035569999963627197
string_human_physical_no_biogrid_overlap,random,51,val,node2vec_walk_logreg,64,2,16,3,2000000,2000000,503266,62906,0.9281438798269964,0.9415818417300077,0.10109681851401137,0.3386881333341079,0.026309217798870056,0.5848145999989356,2.920163100003265,0.3182276000006823,0.0035975999999209307
string_human_physical_no_biogrid_overlap,random,51,test,node2vec_walk_logreg,64,2,16,3,2000000,2000000,503266,62906,0.9302437165394846,0.9437712434806954,0.09878191423486943,0.33226589184354766,0.025462880477751405,0.5848145999989356,2.920163100003265,0.3182276000006823,0.0038593999997829087
string_human_physical_no_biogrid_overlap,degree_matched,42,val,node2vec_walk_logreg,64,2,16,3,2000000,2000000,503266,62906,0.9054231644344876,0.9036844016342062,0.12274112663853046,0.39797551223893524,0.03926233362368686,0.581523399996513,2.9606878999984474,0.33170699999755016,0.0038325999994412996
string_human_physical_no_biogrid_overlap,degree_matched,42,test,node2vec_walk_logreg,64,2,16,3,2000000,2000000,503266,62906,0.9055146723738854,0.9025199832186719,0.12263420960673264,0.3982937880455101,0.03961151101221509,0.581523399996513,2.9606878999984474,0.33170699999755016,0.003721200002473779
string_human_physical_no_biogrid_overlap,degree_matched,43,val,node2vec_walk_logreg,64,2,16,3,2000000,2000000,503266,62906,0.9088374088645117,0.9056409537601336,0.11991573571024824,0.3907536871479979,0.03825806447051129,0.5727570000017295,2.9574190999992425,0.3291088000041782,0.0037525000007008202
string_human_physical_no_biogrid_overlap,degree_matched,43,test,node2vec_walk_logreg,64,2,16,3,2000000,2000000,503266,62906,0.9081664830602978,0.9052615929369894,0.12055648036978459,0.3927774564510119,0.03877303323080315,0.5727570000017295,2.9574190999992425,0.3291088000041782,0.00362180000229273
string_human_physical_no_biogrid_overlap,degree_matched,44,val,node2vec_walk_logreg,64,2,16,3,2000000,2000000,503266,62906,0.9068502255335417,0.9038186917920548,0.12151314192538529,0.3949813104705796,0.038627645600188325,0.5710150000013527,2.9413722999961465,0.3293506999980309,0.0035449999995762482
string_human_physical_no_biogrid_overlap,degree_matched,44,test,node2vec_walk_logreg,64,2,16,3,2000000,2000000,503266,62906,0.9079547344891044,0.9060754000098528,0.12088825863906973,0.3921274669372463,0.03781342266926223,0.5710150000013527,2.9413722999961465,0.3293506999980309,0.0037321999989217147
string_human_physical_no_biogrid_overlap,degree_matched,45,val,node2vec_walk_logreg,64,2,16,3,2000000,2000000,503266,62906,0.9044519337278372,0.9004292628276039,0.12330357884896215,0.4007165645318903,0.04105960512277629,0.5725364999962039,2.9386082000055467,0.31806000000506174,0.003835100003925618
string_human_physical_no_biogrid_overlap,degree_matched,45,test,node2vec_walk_logreg,64,2,16,3,2000000,2000000,503266,62906,0.9043527799103287,0.9002089299955316,0.12352928837851611,0.400682426143602,0.03945267334143832,0.5725364999962039,2.9386082000055467,0.31806000000506174,0.003460200001427438
string_human_physical_no_biogrid_overlap,degree_matched,46,val,node2vec_walk_logreg,64,2,16,3,2000000,2000000,503266,62906,0.9069426856698166,0.9036606685590606,0.12151835062697444,0.39531806046689416,0.03877826407540155,0.5697785999946063,2.907821699998749,0.3363704000003054,0.0034156000037910417
string_human_physical_no_biogrid_overlap,degree_matched,46,test,node2vec_walk_logreg,64,2,16,3,2000000,2000000,503266,62906,0.9074704877924373,0.903876466729078,0.12122595333081379,0.39481880527693447,0.0406473434369266,0.5697785999946063,2.907821699998749,0.3363704000003054,0.003479600003629457
string_human_physical_no_biogrid_overlap,degree_matched,47,val,node2vec_walk_logreg,64,2,16,3,2000000,2000000,503266,62906,0.906046042707734,0.9026601069473508,0.12211990612437404,0.39716752086105794,0.03836076358006921,0.5773885999951744,2.964097000003676,0.3259210999967763,0.004247600001690444
string_human_physical_no_biogrid_overlap,degree_matched,47,test,node2vec_walk_logreg,64,2,16,3,2000000,2000000,503266,62906,0.9085366521234295,0.9046453254459693,0.12068610588466157,0.3919696939933052,0.03808542857084428,0.5773885999951744,2.964097000003676,0.3259210999967763,0.0035645000025397167
string_human_physical_no_biogrid_overlap,degree_matched,48,val,node2vec_walk_logreg,64,2,16,3,2000000,2000000,503266,62906,0.9069959106449516,0.9026696460037017,0.12121607725240509,0.39449959686964586,0.03848915600914822,0.5811468000028981,2.9737037000013515,0.33555799999885494,0.0037956999949528836
string_human_physical_no_biogrid_overlap,degree_matched,48,test,node2vec_walk_logreg,64,2,16,3,2000000,2000000,503266,62906,0.9070936098857015,0.9048166235007341,0.12169509153479073,0.3942004853451564,0.03692703190953346,0.5811468000028981,2.9737037000013515,0.33555799999885494,0.0032947999934549443
string_human_physical_no_biogrid_overlap,degree_matched,49,val,node2vec_walk_logreg,64,2,16,3,2000000,2000000,503266,62906,0.9045325116196399,0.9017676329327549,0.12291440815770292,0.3999970181399162,0.039107049306542796,0.5856655000025057,3.018292399996426,0.31702089999453165,0.0034450000021024607
string_human_physical_no_biogrid_overlap,degree_matched,49,test,node2vec_walk_logreg,64,2,16,3,2000000,2000000,503266,62906,0.9053944994673454,0.9020334938723296,0.12305413041903884,0.3987033338799831,0.04005483808026774,0.5856655000025057,3.018292399996426,0.31702089999453165,0.004033500001241919
string_human_physical_no_biogrid_overlap,degree_matched,50,val,node2vec_walk_logreg,64,2,16,3,2000000,2000000,503266,62906,0.904935029095159,0.9028809040275925,0.12318236646639436,0.399433197911397,0.03933913263495223,0.5818195999963791,3.0213587999969604,0.3214827999981935,0.003563699996448122
string_human_physical_no_biogrid_overlap,degree_matched,50,test,node2vec_walk_logreg,64,2,16,3,2000000,2000000,503266,62906,0.9086478610364362,0.9047492481105155,0.1205803493851113,0.3915582445392375,0.03793110754842747,0.5818195999963791,3.0213587999969604,0.3214827999981935,0.0033866000012494624
string_human_physical_no_biogrid_overlap,degree_matched,51,val,node2vec_walk_logreg,64,2,16,3,2000000,2000000,503266,62906,0.9050900936490582,0.9017699617978597,0.12254284010372206,0.39916947077048753,0.03921868118547279,0.5849708000023384,2.9483168000006117,0.3136471999969217,0.0032617999968351796
string_human_physical_no_biogrid_overlap,degree_matched,51,test,node2vec_walk_logreg,64,2,16,3,2000000,2000000,503266,62906,0.9046384238111631,0.9017797665122997,0.12266283116571015,0.3988356540649281,0.03504418176359533,0.5849708000023384,2.9483168000006117,0.3136471999969217,0.003290600005129818
biogrid_human_physical_no_string_overlap,random,42,val,node2vec_walk_logreg,64,2,16,3,2000000,2000000,860806,107600,0.8926711339671922,0.8974077158300144,0.1297745967076986,0.4145052966581824,0.016250068196142393,0.5620863000003737,3.788744900004531,0.4940593999999692,0.006288900003710296
biogrid_human_physical_no_string_overlap,random,42,test,node2vec_walk_logreg,64,2,16,3,2000000,2000000,860806,107600,0.8919212237945855,0.8974254316910047,0.13044542370502854,0.4157090572051337,0.014695392932918125,0.5620863000003737,3.788744900004531,0.4940593999999692,0.006980600002862047
biogrid_human_physical_no_string_overlap,random,43,val,node2vec_walk_logreg,64,2,16,3,2000000,2000000,860806,107600,0.8929823661917331,0.8988282363483097,0.1295335943771682,0.413146443337046,0.015036115240990298,0.5786308000024292,3.0600360999960685,0.4804578000039328,0.006513899999845307
biogrid_human_physical_no_string_overlap,random,43,test,node2vec_walk_logreg,64,2,16,3,2000000,2000000,860806,107600,0.8921749233012259,0.8974476811861545,0.13009583004020944,0.4150154398558743,0.01577047357468325,0.5786308000024292,3.0600360999960685,0.4804578000039328,0.006231200000911485
biogrid_human_physical_no_string_overlap,random,44,val,node2vec_walk_logreg,64,2,16,3,2000000,2000000,860806,107600,0.8935842121446635,0.8982562430845591,0.12926125686431328,0.4130233858284655,0.018239008889995224,0.6382192000019131,2.950576600000204,0.46954740000364836,0.006124599996837787
biogrid_human_physical_no_string_overlap,random,44,test,node2vec_walk_logreg,64,2,16,3,2000000,2000000,860806,107600,0.8909192410276253,0.8965326172469442,0.13124014805075393,0.4179663142936026,0.016915555473556654,0.6382192000019131,2.950576600000204,0.46954740000364836,0.006058999999368098
biogrid_human_physical_no_string_overlap,random,45,val,node2vec_walk_logreg,64,2,16,3,2000000,2000000,860806,107600,0.8947211854451983,0.9001129936941121,0.1285717780234442,0.41043735883734056,0.015716782794036033,0.5730487999971956,2.9603916999985813,0.49259170000004815,0.005732899997383356
biogrid_human_physical_no_string_overlap,random,45,test,node2vec_walk_logreg,64,2,16,3,2000000,2000000,860806,107600,0.8934369435883971,0.8995331714592671,0.12945713671237166,0.41292546762410165,0.015815178610117397,0.5730487999971956,2.9603916999985813,0.49259170000004815,0.005842200000188313
biogrid_human_physical_no_string_overlap,random,46,val,node2vec_walk_logreg,64,2,16,3,2000000,2000000,860806,107600,0.8947751174665911,0.8996282049605729,0.12836128765978166,0.41046473645539305,0.015236913389311891,0.5851551000014297,2.975597899996501,0.48981130000174744,0.006016200000885874
biogrid_human_physical_no_string_overlap,random,46,test,node2vec_walk_logreg,64,2,16,3,2000000,2000000,860806,107600,0.8940906358397479,0.8995132289932615,0.12884551095975585,0.41160169463722646,0.015619211415229836,0.5851551000014297,2.975597899996501,0.48981130000174744,0.0066283999985898845
biogrid_human_physical_no_string_overlap,random,47,val,node2vec_walk_logreg,64,2,16,3,2000000,2000000,860806,107600,0.8897085239286355,0.8951992668242417,0.13199139046036437,0.41981341256380966,0.01640811867710862,0.5852327999964473,3.057298700005049,0.4769672000038554,0.006600600005185697
biogrid_human_physical_no_string_overlap,random,47,test,node2vec_walk_logreg,64,2,16,3,2000000,2000000,860806,107600,0.8945465675571096,0.9009036138864392,0.12866994699586526,0.4098651519407753,0.013669266719388493,0.5852327999964473,3.057298700005049,0.4769672000038554,0.006123399994976353
biogrid_human_physical_no_string_overlap,random,48,val,node2vec_walk_logreg,64,2,16,3,2000000,2000000,860806,107600,0.8913898875084646,0.8961907793941715,0.13046252802544114,0.4165473722980634,0.015548082602378,0.5943854000070132,2.9974675999983447,0.4515858000013395,0.005855100003827829
biogrid_human_physical_no_string_overlap,random,48,test,node2vec_walk_logreg,64,2,16,3,2000000,2000000,860806,107600,0.8924234224927793,0.8971420564624198,0.1299259631720012,0.414647865409414,0.014207937937532614,0.5943854000070132,2.9974675999983447,0.4515858000013395,0.006444899998314213
biogrid_human_physical_no_string_overlap,random,49,val,node2vec_walk_logreg,64,2,16,3,2000000,2000000,860806,107600,0.8930257476403034,0.8984170226821706,0.1296934552782742,0.41337030909256867,0.015259407096642322,0.5842073000021628,3.0085376999995788,0.4733605999936117,0.005723900001612492
biogrid_human_physical_no_string_overlap,random,49,test,node2vec_walk_logreg,64,2,16,3,2000000,2000000,860806,107600,0.8928494758917097,0.8998147615960381,0.129732931556939,0.41319346114077016,0.014744717774520275,0.5842073000021628,3.0085376999995788,0.4733605999936117,0.006587200005014893
biogrid_human_physical_no_string_overlap,random,50,val,node2vec_walk_logreg,64,2,16,3,2000000,2000000,860806,107600,0.8935205915479333,0.8989584483415624,0.12936187493722776,0.41293898044680444,0.015545323103142886,0.5715013000008184,2.963520500001323,0.46980740000435617,0.006137600001238752
biogrid_human_physical_no_string_overlap,random,50,test,node2vec_walk_logreg,64,2,16,3,2000000,2000000,860806,107600,0.8944450287447657,0.898840890942038,0.12852355814435001,0.411434329251578,0.015381403973923792,0.5715013000008184,2.963520500001323,0.46980740000435617,0.005986900003335904
biogrid_human_physical_no_string_overlap,random,51,val,node2vec_walk_logreg,64,2,16,3,2000000,2000000,860806,107600,0.8924990381559127,0.8979326008289839,0.1297514338782152,0.4143401070495475,0.014682119197449722,0.5663080999947852,2.9516361999994842,0.47779240000090795,0.006016500003170222
biogrid_human_physical_no_string_overlap,random,51,test,node2vec_walk_logreg,64,2,16,3,2000000,2000000,860806,107600,0.8920849642763367,0.8975290133354357,0.13035942850089768,0.4151301278896193,0.014834410540000547,0.5663080999947852,2.9516361999994842,0.47779240000090795,0.006251599996176083
biogrid_human_physical_no_string_overlap,degree_matched,42,val,node2vec_walk_logreg,64,2,16,3,2000000,2000000,860806,107600,0.7315070511048769,0.7222938397207657,0.2107171787114768,0.6102072544092778,0.02864267909917653,0.5862615000005462,3.0101470000008703,0.4270931999999448,0.00627389999863226
biogrid_human_physical_no_string_overlap,degree_matched,42,test,node2vec_walk_logreg,64,2,16,3,2000000,2000000,860806,107600,0.7310289344398226,0.7242867176935613,0.21091575667949358,0.6104534239222255,0.030405466687320477,0.5862615000005462,3.0101470000008703,0.4270931999999448,0.006630600000789855
biogrid_human_physical_no_string_overlap,degree_matched,43,val,node2vec_walk_logreg,64,2,16,3,2000000,2000000,860806,107600,0.7327094280758972,0.7252002940937203,0.21026869550740201,0.6087506461487968,0.029395240547271023,0.578597699997772,2.9860728999992716,0.40835320000041975,0.006441899997298606
biogrid_human_physical_no_string_overlap,degree_matched,43,test,node2vec_walk_logreg,64,2,16,3,2000000,2000000,860806,107600,0.7343879862771383,0.7257097619831434,0.20965210018474056,0.6076859778661202,0.027551041082527844,0.578597699997772,2.9860728999992716,0.40835320000041975,0.006400399994163308
biogrid_human_physical_no_string_overlap,degree_matched,44,val,node2vec_walk_logreg,64,2,16,3,2000000,2000000,860806,107600,0.729506652063957,0.7217542724041479,0.2114967150776006,0.6118051224016507,0.029579432153705187,0.5850655999965966,2.9869395999994595,0.4101502999983495,0.006765800004359335
biogrid_human_physical_no_string_overlap,degree_matched,44,test,node2vec_walk_logreg,64,2,16,3,2000000,2000000,860806,107600,0.730471998037617,0.7243415062675579,0.21119508973268852,0.6110339966092583,0.031841899646164705,0.5850655999965966,2.9869395999994595,0.4101502999983495,0.006397899996954948
biogrid_human_physical_no_string_overlap,degree_matched,45,val,node2vec_walk_logreg,64,2,16,3,2000000,2000000,860806,107600,0.7385467226821077,0.7291607997986617,0.20808627322804318,0.6033231121036727,0.02896488612919768,0.5788329999995767,2.9571427999981097,0.4061109000031138,0.006326000002445653
biogrid_human_physical_no_string_overlap,degree_matched,45,test,node2vec_walk_logreg,64,2,16,3,2000000,2000000,860806,107600,0.7334016497146252,0.7243497649717564,0.21012368670831208,0.6083834967419467,0.030246516350734665,0.5788329999995767,2.9571427999981097,0.4061109000031138,0.006518900001537986
biogrid_human_physical_no_string_overlap,degree_matched,46,val,node2vec_walk_logreg,64,2,16,3,2000000,2000000,860806,107600,0.734048358577134,0.7265737183683659,0.20992579483010776,0.608140264158572,0.029984068065710388,0.6559151999972528,3.0046629999997094,0.4161997999981395,0.006372600000759121
biogrid_human_physical_no_string_overlap,degree_matched,46,test,node2vec_walk_logreg,64,2,16,3,2000000,2000000,860806,107600,0.7357784079131023,0.7272051486627247,0.20924611101028412,0.6064541792320102,0.02940117464471696,0.6559151999972528,3.0046629999997094,0.4161997999981395,0.007004200000665151
biogrid_human_physical_no_string_overlap,degree_matched,47,val,node2vec_walk_logreg,64,2,16,3,2000000,2000000,860806,107600,0.7355900485067923,0.7258095121170284,0.20916451996650093,0.606389224673514,0.027251490807997256,0.5795851000002585,3.011356799994246,0.4297439000001759,0.006958899997698609
biogrid_human_physical_no_string_overlap,degree_matched,47,test,node2vec_walk_logreg,64,2,16,3,2000000,2000000,860806,107600,0.7353794623485026,0.7245915294929546,0.2092190659033279,0.606792453913921,0.025649970372615252,0.5795851000002585,3.011356799994246,0.4297439000001759,0.006420199999411125
biogrid_human_physical_no_string_overlap,degree_matched,48,val,node2vec_walk_logreg,64,2,16,3,2000000,2000000,860806,107600,0.7307717658683545,0.7202602785026371,0.21093239890495413,0.610416205427347,0.027938901170071404,0.5813553000043612,3.008738299999095,0.39996550000068964,0.006543900002725422
biogrid_human_physical_no_string_overlap,degree_matched,48,test,node2vec_walk_logreg,64,2,16,3,2000000,2000000,860806,107600,0.7296981923964567,0.7184984177293793,0.21127246367799782,0.611075192752069,0.029668986513453014,0.5813553000043612,3.008738299999095,0.39996550000068964,0.00630720000481233
biogrid_human_physical_no_string_overlap,degree_matched,49,val,node2vec_walk_logreg,64,2,16,3,2000000,2000000,860806,107600,0.733178133594063,0.7245538736785411,0.21005923701207474,0.6082776947932841,0.029946411422934884,0.5729382999998052,2.972989599998982,0.40180310000141617,0.006729399996402208
biogrid_human_physical_no_string_overlap,degree_matched,49,test,node2vec_walk_logreg,64,2,16,3,2000000,2000000,860806,107600,0.7334979657550337,0.7246143129192033,0.21001439444375444,0.6086516690973608,0.02744573884528342,0.5729382999998052,2.972989599998982,0.40180310000141617,0.006745200000295881
biogrid_human_physical_no_string_overlap,degree_matched,50,val,node2vec_walk_logreg,64,2,16,3,2000000,2000000,860806,107600,0.7344256543580105,0.7274798593375232,0.2098351461674793,0.6084696455309018,0.029386597222623583,0.5990335999958916,3.0054650000020047,0.4235051000068779,0.006508200000098441
biogrid_human_physical_no_string_overlap,degree_matched,50,test,node2vec_walk_logreg,64,2,16,3,2000000,2000000,860806,107600,0.735412671881262,0.7293197225613783,0.20937004053359656,0.6070940149009524,0.02938364800220116,0.5990335999958916,3.0054650000020047,0.4235051000068779,0.006357400001434144
biogrid_human_physical_no_string_overlap,degree_matched,51,val,node2vec_walk_logreg,64,2,16,3,2000000,2000000,860806,107600,0.736148650170672,0.7269365277879408,0.2089752934294084,0.6058640710771039,0.027013008405612784,0.5759656000009272,2.973884500002896,0.40597539999725996,0.007565399995655753
biogrid_human_physical_no_string_overlap,degree_matched,51,test,node2vec_walk_logreg,64,2,16,3,2000000,2000000,860806,107600,0.7332124310747501,0.7237166097055782,0.21004469887853616,0.6081365037233775,0.030349083717723453,0.5759656000009272,2.973884500002896,0.40597539999725996,0.006573999999091029
string_human_physical_v12,random,42,val,node2vec_walk_logreg,64,2,16,3,2000000,2000000,1182090,147760,0.858746813633311,0.8763171160160251,0.1504169213352654,0.4651005416527211,0.019190996540843986,0.573687100004463,3.8687453999955324,0.6391587999969488,0.00851890000194544
string_human_physical_v12,random,42,test,node2vec_walk_logreg,64,2,16,3,2000000,2000000,1182090,147760,0.8591060684163054,0.8769748482334615,0.15016990698511065,0.46431364053585056,0.019121784548906413,0.573687100004463,3.8687453999955324,0.6391587999969488,0.008905199996661395
string_human_physical_v12,random,43,val,node2vec_walk_logreg,64,2,16,3,2000000,2000000,1182090,147760,0.8599883623965932,0.8771201010316687,0.14924242629074386,0.46320386353900445,0.019425852505024783,0.5945391999994172,3.005738799998653,0.4832352000012179,0.008779399999184534
string_human_physical_v12,random,43,test,node2vec_walk_logreg,64,2,16,3,2000000,2000000,1182090,147760,0.8579002653302491,0.8748564843539081,0.15066863784203766,0.4665202492114,0.018967744815160673,0.5945391999994172,3.005738799998653,0.4832352000012179,0.008796499998425134
string_human_physical_v12,random,44,val,node2vec_walk_logreg,64,2,16,3,2000000,2000000,1182090,147760,0.8612053782249505,0.8787040052355771,0.14882084904086954,0.46130302117503313,0.01846841094728131,0.6638384999969276,3.009624199999962,0.5394759999981034,0.008742400001210626
string_human_physical_v12,random,44,test,node2vec_walk_logreg,64,2,16,3,2000000,2000000,1182090,147760,0.8594487153255443,0.8773333859698894,0.14990488734643836,0.46383615119478583,0.018933217633855727,0.6638384999969276,3.009624199999962,0.5394759999981034,0.008970999995653983
string_human_physical_v12,random,45,val,node2vec_walk_logreg,64,2,16,3,2000000,2000000,1182090,147760,0.859934573038589,0.8774294828279102,0.14968258385821784,0.46261815743579726,0.01680911753180267,0.5767763999974704,3.0131970000002184,0.5036508999983198,0.008884199996828102
string_human_physical_v12,random,45,test,node2vec_walk_logreg,64,2,16,3,2000000,2000000,1182090,147760,0.8582541390888634,0.8760833288703319,0.15033395210577893,0.4656705319046205,0.018665763059367575,0.5767763999974704,3.0131970000002184,0.5036508999983198,0.009091499996429775
string_human_physical_v12,random,46,val,node2vec_walk_logreg,64,2,16,3,2000000,2000000,1182090,147760,0.8597285665175298,0.8773236015716587,0.14942328462565815,0.46345851130523213,0.019979689380726987,0.5719156000050134,3.006567799995537,0.6658543999947142,0.008698999998159707
string_human_physical_v12,random,46,test,node2vec_walk_logreg,64,2,16,3,2000000,2000000,1182090,147760,0.8601421742086628,0.8775613729502177,0.1493926116650828,0.4629582210509112,0.018683694811693234,0.5719156000050134,3.006567799995537,0.6658543999947142,0.009461800000281073
string_human_physical_v12,random,47,val,node2vec_walk_logreg,64,2,16,3,2000000,2000000,1182090,147760,0.860726612339652,0.8790802562419905,0.14896369312271962,0.4616680498466405,0.019094539664335556,0.5907967000021017,3.0699353000018164,0.5392384000006132,0.009117599998717196
string_human_physical_v12,random,47,test,node2vec_walk_logreg,64,2,16,3,2000000,2000000,1182090,147760,0.8592530302361867,0.877331477372192,0.14985053333412193,0.463939476511076,0.020564228084425297,0.5907967000021017,3.0699353000018164,0.5392384000006132,0.008707600005436689
string_human_physical_v12,random,48,val,node2vec_walk_logreg,64,2,16,3,2000000,2000000,1182090,147760,0.8589308202637091,0.8762284956325146,0.15002752090454152,0.4649960302143084,0.01905961212554492,0.5940973999968264,3.095175600006769,0.5407405000005383,0.008551300001272466
string_human_physical_v12,random,48,test,node2vec_walk_logreg,64,2,16,3,2000000,2000000,1182090,147760,0.8607516174035421,0.8778002750147358,0.14905417982797117,0.4620674282560273,0.0179529372502517,0.5940973999968264,3.095175600006769,0.5407405000005383,0.009391300001880154
string_human_physical_v12,random,49,val,node2vec_walk_logreg,64,2,16,3,2000000,2000000,1182090,147760,0.8579032122430936,0.8757045050632806,0.15082323609143874,0.46675819024442855,0.01896650109808359,0.5935076999958255,3.033945399998629,0.569837600000028,0.008672999996633735
string_human_physical_v12,random,49,test,node2vec_walk_logreg,64,2,16,3,2000000,2000000,1182090,147760,0.8592251187485875,0.8769832994846631,0.15003168471312747,0.4644439828908624,0.019359179370193696,0.5935076999958255,3.033945399998629,0.569837600000028,0.00879920000443235
string_human_physical_v12,random,50,val,node2vec_walk_logreg,64,2,16,3,2000000,2000000,1182090,147760,0.8587800379916334,0.8765649011595524,0.15026953834062512,0.4648700399452668,0.01815162405915323,0.5730567999999039,3.0797711000050185,0.5149084000004223,0.008492099994327873
string_human_physical_v12,random,50,test,node2vec_walk_logreg,64,2,16,3,2000000,2000000,1182090,147760,0.8573964421665652,0.8749588892371596,0.15111937217689791,0.46701393794785756,0.019514125844857122,0.5730567999999039,3.0797711000050185,0.5149084000004223,0.008761100005358458
string_human_physical_v12,random,51,val,node2vec_walk_logreg,64,2,16,3,2000000,2000000,1182090,147760,0.8592083478190391,0.8767760379998003,0.14975999762248976,0.46451794165289223,0.019254036835591654,0.589612700001453,3.076810899998236,0.6350559999991674,0.008969200003775768
string_human_physical_v12,random,51,test,node2vec_walk_logreg,64,2,16,3,2000000,2000000,1182090,147760,0.8607872712931812,0.8774786334953084,0.14900875742025663,0.46199777415544846,0.017599666644555083,0.589612700001453,3.076810899998236,0.6350559999991674,0.009140900001511909
string_human_physical_v12,degree_matched,42,val,node2vec_walk_logreg,64,2,16,3,2000000,2000000,1182090,147760,0.7953058166361758,0.8035490727073182,0.18495965493230088,0.5481448245940574,0.023165345244619436,0.5928138000017498,3.0134225000001607,0.6072782999981428,0.008813799999188632
string_human_physical_v12,degree_matched,42,test,node2vec_walk_logreg,64,2,16,3,2000000,2000000,1182090,147760,0.7972350746421786,0.8045699455721869,0.1841067927346081,0.5464292407237916,0.0203282162195505,0.5928138000017498,3.0134225000001607,0.6072782999981428,0.00952030000189552
string_human_physical_v12,degree_matched,43,val,node2vec_walk_logreg,64,2,16,3,2000000,2000000,1182090,147760,0.796192323501814,0.8036763726870135,0.18455555667785908,0.5477500615073284,0.02082657189382164,0.5782924000013736,3.0033392000041204,0.5142126999999164,0.009118299996771384
string_human_physical_v12,degree_matched,43,test,node2vec_walk_logreg,64,2,16,3,2000000,2000000,1182090,147760,0.7954686710828283,0.8037229029030477,0.1848916699054876,0.5479859338607548,0.02251612952879035,0.5782924000013736,3.0033392000041204,0.5142126999999164,0.01241170000139391
string_human_physical_v12,degree_matched,44,val,node2vec_walk_logreg,64,2,16,3,2000000,2000000,1182090,147760,0.7982323308345612,0.8049309235521717,0.18369785608367198,0.5450619437503992,0.02290562620849733,0.576823899995361,3.1781374999991385,0.6672255000012228,0.00871029999689199
string_human_physical_v12,degree_matched,44,test,node2vec_walk_logreg,64,2,16,3,2000000,2000000,1182090,147760,0.7955403894329293,0.8023537826300697,0.18497086049211128,0.5482390991780155,0.023402823970222194,0.576823899995361,3.1781374999991385,0.6672255000012228,0.008796300004178192
string_human_physical_v12,degree_matched,45,val,node2vec_walk_logreg,64,2,16,3,2000000,2000000,1182090,147760,0.7974307714568964,0.8035543355845172,0.184044861118449,0.5459099299915157,0.021135304713639634,0.5774097000030451,2.9964803000038955,0.6163530999983777,0.009178999993309844
string_human_physical_v12,degree_matched,45,test,node2vec_walk_logreg,64,2,16,3,2000000,2000000,1182090,147760,0.7968971946415688,0.8034879302773086,0.18429572635528121,0.5465126132453877,0.02210766197464026,0.5774097000030451,2.9964803000038955,0.6163530999983777,0.009623100006137975
string_human_physical_v12,degree_matched,46,val,node2vec_walk_logreg,64,2,16,3,2000000,2000000,1182090,147760,0.7923787986137106,0.8009546286705661,0.18617849888747687,0.5519889311980319,0.0214162403847415,0.5821713999976055,3.010137199999008,0.6330528999969829,0.008734600000025239
string_human_physical_v12,degree_matched,46,test,node2vec_walk_logreg,64,2,16,3,2000000,2000000,1182090,147760,0.7925226632895674,0.8004542995599645,0.18612614779525136,0.5517274834156144,0.021430374182028884,0.5821713999976055,3.010137199999008,0.6330528999969829,0.009094499997445382
string_human_physical_v12,degree_matched,47,val,node2vec_walk_logreg,64,2,16,3,2000000,2000000,1182090,147760,0.7973383507005464,0.804491821528862,0.184112008824543,0.546321080543226,0.022038066091572987,0.5900289999990491,3.1288914999968256,0.6369363999983761,0.009071100001165178
string_human_physical_v12,degree_matched,47,test,node2vec_walk_logreg,64,2,16,3,2000000,2000000,1182090,147760,0.7979063685635468,0.8064591241341683,0.18378056288430253,0.5454781676144286,0.021462457030942864,0.5900289999990491,3.1288914999968256,0.6369363999983761,0.00893250000081025
string_human_physical_v12,degree_matched,48,val,node2vec_walk_logreg,64,2,16,3,2000000,2000000,1182090,147760,0.7945958713467074,0.8021194156348601,0.18528637178467114,0.5494930164752081,0.022069306113555884,0.5863353000022471,3.0236607999977423,0.5230873999971664,0.009919000003719702
string_human_physical_v12,degree_matched,48,test,node2vec_walk_logreg,64,2,16,3,2000000,2000000,1182090,147760,0.796163368457139,0.8041422551379525,0.18456694946007432,0.5474031452123376,0.022056398471473275,0.5863353000022471,3.0236607999977423,0.5230873999971664,0.008992800001578871
string_human_physical_v12,degree_matched,49,val,node2vec_walk_logreg,64,2,16,3,2000000,2000000,1182090,147760,0.7963960551197466,0.8044183702928355,0.18450363561498329,0.5477803414317328,0.022289148496636057,0.5851024000003235,3.1675733999945805,0.5141554000001634,0.009081999996851664
string_human_physical_v12,degree_matched,49,test,node2vec_walk_logreg,64,2,16,3,2000000,2000000,1182090,147760,0.7970981587080295,0.804958447159419,0.18414249550083112,0.5469203040856847,0.021704109549130435,0.5851024000003235,3.1675733999945805,0.5141554000001634,0.00902249999489868
string_human_physical_v12,degree_matched,50,val,node2vec_walk_logreg,64,2,16,3,2000000,2000000,1182090,147760,0.796670363697229,0.8043961216844931,0.1843404543121356,0.5471510250026043,0.02193493094837842,0.5773762000026181,3.0145181999978377,0.6389217000032659,0.009337000003142748
string_human_physical_v12,degree_matched,50,test,node2vec_walk_logreg,64,2,16,3,2000000,2000000,1182090,147760,0.7972126410963916,0.8039356453205779,0.1840932154144168,0.5463705042112308,0.02052847454536903,0.5773762000026181,3.0145181999978377,0.6389217000032659,0.009149799996521324
string_human_physical_v12,degree_matched,51,val,node2vec_walk_logreg,64,2,16,3,2000000,2000000,1182090,147760,0.7974864416359926,0.8046915296908256,0.18401333554559166,0.5465411168889979,0.021536146881172356,0.5764812999987043,3.008044599999266,0.5203889000040363,0.008762999997998122
string_human_physical_v12,degree_matched,51,test,node2vec_walk_logreg,64,2,16,3,2000000,2000000,1182090,147760,0.7993117473601085,0.8062274332161572,0.18315912656915348,0.5435608902296528,0.021008176561992595,0.5764812999987043,3.008044599999266,0.5203889000040363,0.0089185999968322
biogrid_human_physical,random,42,val,node2vec_walk_logreg,64,2,16,3,2000000,2000000,1538450,192306,0.8657489199664278,0.8711285678500631,0.1467696081612406,0.4577340904141504,0.009429728605849171,0.5943986999991466,3.2067845999990823,0.6478129999959492,0.011766700001317076
biogrid_human_physical,random,42,test,node2vec_walk_logreg,64,2,16,3,2000000,2000000,1538450,192306,0.8656231231296933,0.8714561702131867,0.1467974535585145,0.45785244988209056,0.010052680616642697,0.5943986999991466,3.2067845999990823,0.6478129999959492,0.01103309999598423
biogrid_human_physical,random,43,val,node2vec_walk_logreg,64,2,16,3,2000000,2000000,1538450,192306,0.8646354780755368,0.8702221582265484,0.147693108360683,0.4596742378310514,0.009582138830841995,0.5974764000056894,3.047880999998597,0.7895170999981929,0.010792299995955545
biogrid_human_physical,random,43,test,node2vec_walk_logreg,64,2,16,3,2000000,2000000,1538450,192306,0.8661942880698319,0.872484036968786,0.1465112520467659,0.4569028199769648,0.009205901949345258,0.5974764000056894,3.047880999998597,0.7895170999981929,0.010942900000372902
biogrid_human_physical,random,44,val,node2vec_walk_logreg,64,2,16,3,2000000,2000000,1538450,192306,0.8658481393683615,0.8728203760570964,0.14677810430907728,0.45730034483133997,0.008875189813309599,0.6632991000005859,3.0381555999992997,0.6263896000018576,0.011059600001317449
biogrid_human_physical,random,44,test,node2vec_walk_logreg,64,2,16,3,2000000,2000000,1538450,192306,0.866112807436419,0.8725815220355986,0.14665688874520316,0.4571269072982166,0.009095651121858006,0.6632991000005859,3.0381555999992997,0.6263896000018576,0.011627300002146512
biogrid_human_physical,random,45,val,node2vec_walk_logreg,64,2,16,3,2000000,2000000,1538450,192306,0.8688892730994398,0.8755387605444733,0.14491268477304736,0.4521991717523758,0.007930805341211183,0.5948309000013978,3.0776626000006218,0.6206122000003234,0.011353300003975164
biogrid_human_physical,random,45,test,node2vec_walk_logreg,64,2,16,3,2000000,2000000,1538450,192306,0.8677973287113832,0.874137912915776,0.14559043489853962,0.45418013484317976,0.00913183160780903,0.5948309000013978,3.0776626000006218,0.6206122000003234,0.010978900005284231
biogrid_human_physical,random,46,val,node2vec_walk_logreg,64,2,16,3,2000000,2000000,1538450,192306,0.8657515772880764,0.8713964165950117,0.14690058452597682,0.4579765156857594,0.009217155505428272,0.598301400001219,3.145901199997752,0.6175337999957264,0.011045599996577948
biogrid_human_physical,random,46,test,node2vec_walk_logreg,64,2,16,3,2000000,2000000,1538450,192306,0.8659907283406366,0.8711280979736374,0.14666163719801206,0.45770445636866336,0.0094326364150202,0.598301400001219,3.145901199997752,0.6175337999957264,0.010981200000969693
biogrid_human_physical,random,47,val,node2vec_walk_logreg,64,2,16,3,2000000,2000000,1538450,192306,0.8667238935290871,0.873021254397293,0.14629993634243768,0.4561344809564713,0.008956569551985793,0.596618399998988,3.0326879999993253,0.6319944999995641,0.011176400003023446
biogrid_human_physical,random,47,test,node2vec_walk_logreg,64,2,16,3,2000000,2000000,1538450,192306,0.8697010292678855,0.8757442946675642,0.14453411930249266,0.4512987635162222,0.007732263237077324,0.596618399998988,3.0326879999993253,0.6319944999995641,0.011154700005135965
biogrid_human_physical,random,48,val,node2vec_walk_logreg,64,2,16,3,2000000,2000000,1538450,192306,0.8709783090778312,0.8772650205965667,0.1436718629991787,0.44935476559377185,0.008338162214729807,0.6066195000021253,3.0760160999998334,0.6565196999945329,0.010871200000110548
biogrid_human_physical,random,48,test,node2vec_walk_logreg,64,2,16,3,2000000,2000000,1538450,192306,0.8690949118085851,0.8762288008037755,0.1448865004539863,0.45214450855881866,0.00889088920480293,0.6066195000021253,3.0760160999998334,0.6565196999945329,0.011363199999323115
biogrid_human_physical,random,49,val,node2vec_walk_logreg,64,2,16,3,2000000,2000000,1538450,192306,0.8672711268909118,0.8723276366133784,0.14620536746789656,0.4554027093147164,0.008172979613249929,0.591406100000313,3.080871499994828,0.6147004000013112,0.01139070000499487
biogrid_human_physical,random,49,test,node2vec_walk_logreg,64,2,16,3,2000000,2000000,1538450,192306,0.8666061174383171,0.8725218673602326,0.14635768482347447,0.45628475792462436,0.008098932837102099,0.591406100000313,3.080871499994828,0.6147004000013112,0.011432699997385498
biogrid_human_physical,random,50,val,node2vec_walk_logreg,64,2,16,3,2000000,2000000,1538450,192306,0.8658941267812564,0.8728926208008718,0.14678492854267475,0.4573807637271028,0.00910533226419373,0.589298000006238,3.068085800005065,0.663559599997825,0.011090599997260142
biogrid_human_physical,random,50,test,node2vec_walk_logreg,64,2,16,3,2000000,2000000,1538450,192306,0.8660728926654422,0.8736932378908333,0.14683409792578855,0.4570177199611247,0.009451285636042197,0.589298000006238,3.068085800005065,0.663559599997825,0.01123350000125356
biogrid_human_physical,random,51,val,node2vec_walk_logreg,64,2,16,3,2000000,2000000,1538450,192306,0.8684969801503142,0.8749776032590066,0.14525798875831022,0.4531077772213354,0.008592067080812936,0.5988065999990795,3.1160490000038408,0.6189512999990257,0.010708800000429619
biogrid_human_physical,random,51,test,node2vec_walk_logreg,64,2,16,3,2000000,2000000,1538450,192306,0.8673194136095542,0.8737301143835207,0.1457898734255492,0.45501926754256883,0.009742955230864147,0.5988065999990795,3.1160490000038408,0.6189512999990257,0.012234999994689133
biogrid_human_physical,degree_matched,42,val,node2vec_walk_logreg,64,2,16,3,2000000,2000000,1538450,192306,0.7016005336325,0.6917606478628842,0.2194622072409157,0.628912866242349,0.017326887589718953,0.5847547000012128,3.0725569000060204,0.7213526000050479,0.012012399995001033
biogrid_human_physical,degree_matched,42,test,node2vec_walk_logreg,64,2,16,3,2000000,2000000,1538450,192306,0.7031800955696277,0.6938105966968873,0.21899694733765068,0.6278530891618463,0.017897218266977304,0.5847547000012128,3.0725569000060204,0.7213526000050479,0.011900400000740774
biogrid_human_physical,degree_matched,43,val,node2vec_walk_logreg,64,2,16,3,2000000,2000000,1538450,192306,0.7020113691012525,0.6952228084001383,0.21933559096972166,0.6286111063421146,0.019918449369276423,0.5892978999982006,3.0304008000020985,0.7254423999984283,0.011949699997785501
biogrid_human_physical,degree_matched,43,test,node2vec_walk_logreg,64,2,16,3,2000000,2000000,1538450,192306,0.701788216167698,0.6948748228760268,0.21931253294611952,0.6283615673161328,0.018186745134412534,0.5892978999982006,3.0304008000020985,0.7254423999984283,0.011837099998956546
biogrid_human_physical,degree_matched,44,val,node2vec_walk_logreg,64,2,16,3,2000000,2000000,1538450,192306,0.7032444672612845,0.6973713532138054,0.21909038204191034,0.6284145625733062,0.018666913976083888,0.5786686999999802,3.1008051999961026,0.7323904000004404,0.012067200004821643
biogrid_human_physical,degree_matched,44,test,node2vec_walk_logreg,64,2,16,3,2000000,2000000,1538450,192306,0.7029723073589713,0.6954448563390752,0.21922374275838605,0.6287450889950805,0.01735658416418277,0.5786686999999802,3.1008051999961026,0.7323904000004404,0.012028799996187445
biogrid_human_physical,degree_matched,45,val,node2vec_walk_logreg,64,2,16,3,2000000,2000000,1538450,192306,0.7055512778225718,0.6978912500158664,0.2181653960183272,0.625802960063624,0.018707283589640984,0.5865513999960967,3.0721716999978526,0.7334473999944748,0.011589199995796662
biogrid_human_physical,degree_matched,45,test,node2vec_walk_logreg,64,2,16,3,2000000,2000000,1538450,192306,0.7061637226450732,0.6980488975441068,0.21799528775221788,0.6254769833649015,0.017228013203868655,0.5865513999960967,3.0721716999978526,0.7334473999944748,0.012289700003748294
biogrid_human_physical,degree_matched,46,val,node2vec_walk_logreg,64,2,16,3,2000000,2000000,1538450,192306,0.7058239373247179,0.6964912575038221,0.2179457281946827,0.6250733077150641,0.017193048882649126,0.5817252999986522,3.063702999999805,0.7564863000006881,0.01193549999879906
biogrid_human_physical,degree_matched,46,test,node2vec_walk_logreg,64,2,16,3,2000000,2000000,1538450,192306,0.704699736244786,0.6945959852354384,0.21824605658878837,0.6255817008045536,0.01811143731932736,0.5817252999986522,3.063702999999805,0.7564863000006881,0.012333200000284705
biogrid_human_physical,degree_matched,47,val,node2vec_walk_logreg,64,2,16,3,2000000,2000000,1538450,192306,0.7063937617062228,0.6973310053517408,0.21778944948007883,0.6246843893312845,0.01871129750389414,0.5951391000053263,3.065023299997847,0.767571999997017,0.011948600003961474
biogrid_human_physical,degree_matched,47,test,node2vec_walk_logreg,64,2,16,3,2000000,2000000,1538450,192306,0.7086440594034481,0.7000857303539386,0.2169747245237107,0.6226409234598076,0.019217546281780087,0.5951391000053263,3.065023299997847,0.767571999997017,0.012025399999401998
biogrid_human_physical,degree_matched,48,val,node2vec_walk_logreg,64,2,16,3,2000000,2000000,1538450,192306,0.7081050975068804,0.6991266732699206,0.21741480107506575,0.6244607236077248,0.017946154369869374,0.6063188999978593,3.0542368000024,0.7908897000015713,0.012308899997151457
biogrid_human_physical,degree_matched,48,test,node2vec_walk_logreg,64,2,16,3,2000000,2000000,1538450,192306,0.7110440791341694,0.7041069461361025,0.21647414040028495,0.6222321655010544,0.01846014952511614,0.6063188999978593,3.0542368000024,0.7908897000015713,0.01238240000384394
biogrid_human_physical,degree_matched,49,val,node2vec_walk_logreg,64,2,16,3,2000000,2000000,1538450,192306,0.7064291907867319,0.697027038926466,0.21778153777668408,0.6247139836561116,0.018353954398306112,0.6099013999992167,3.129692900001828,0.7279727999994066,0.01154099999985192
biogrid_human_physical,degree_matched,49,test,node2vec_walk_logreg,64,2,16,3,2000000,2000000,1538450,192306,0.7060307357457942,0.6984277209226627,0.21792922475324625,0.6249816065065253,0.018258308573186142,0.6099013999992167,3.129692900001828,0.7279727999994066,0.01223040000331821
biogrid_human_physical,degree_matched,50,val,node2vec_walk_logreg,64,2,16,3,2000000,2000000,1538450,192306,0.7052412093362703,0.6992904141722205,0.218301760157163,0.6264308356598214,0.017404671432831035,0.5857143999965047,3.0564666999998735,0.7775503999946523,0.012293899999349378
biogrid_human_physical,degree_matched,50,test,node2vec_walk_logreg,64,2,16,3,2000000,2000000,1538450,192306,0.7039705124761042,0.6973474788286698,0.21874969368981495,0.6274644548110259,0.018498061276193065,0.5857143999965047,3.0564666999998735,0.7775503999946523,0.012847099998907652
biogrid_human_physical,degree_matched,51,val,node2vec_walk_logreg,64,2,16,3,2000000,2000000,1538450,192306,0.7095810732215388,0.7011855151645329,0.21683058615309073,0.6226868634496334,0.017491002741234173,0.5929364999974496,3.0619009000001824,0.7003318999995827,0.011591199996473733
biogrid_human_physical,degree_matched,51,test,node2vec_walk_logreg,64,2,16,3,2000000,2000000,1538450,192306,0.7085918560341129,0.6994731308445564,0.21719589156564634,0.623616405867813,0.017887159223053027,0.5929364999974496,3.0619009000001824,0.7003318999995827,0.011885899999469984
string_human_physical_v12,two_hop,42,val,node2vec_walk_logreg,64,2,16,3,2000000,2000000,1182090,147760,0.7118137718168651,0.7284511507037583,0.21596254050534694,0.6216664886662123,0.03266537258667119,0.5764259999996284,3.849986099987291,0.5852563999942504,0.009153899998636916
string_human_physical_v12,two_hop,42,test,node2vec_walk_logreg,64,2,16,3,2000000,2000000,1182090,147760,0.7137003247778264,0.7300011768254512,0.21531514820162748,0.6203026734768439,0.031474875277192255,0.5764259999996284,3.849986099987291,0.5852563999942504,0.009773600002517924
string_human_physical_v12,two_hop,43,val,node2vec_walk_logreg,64,2,16,3,2000000,2000000,1182090,147760,0.715027286379323,0.7307523879650215,0.21498483971779242,0.6196598657332286,0.029106360476723044,0.5744295999902533,2.9363929999963148,0.5578875999926822,0.010025000010500662
string_human_physical_v12,two_hop,43,test,node2vec_walk_logreg,64,2,16,3,2000000,2000000,1182090,147760,0.7146176348980728,0.7306506875481921,0.2150063016271949,0.6195552828846681,0.0331366441199904,0.5744295999902533,2.9363929999963148,0.5578875999926822,0.009570200010784902
string_human_physical_v12,two_hop,44,val,node2vec_walk_logreg,64,2,16,3,2000000,2000000,1182090,147760,0.7166646008658006,0.7304436640122721,0.21440491369861234,0.618428696728721,0.029408345605256868,0.6677715999976499,2.9842340999894077,0.5816321000020253,0.009323300007963553
string_human_physical_v12,two_hop,44,test,node2vec_walk_logreg,64,2,16,3,2000000,2000000,1182090,147760,0.7137683719908694,0.7294460071766908,0.21534790072950727,0.6202457919557816,0.031058299522492984,0.6677715999976499,2.9842340999894077,0.5816321000020253,0.009604600010789
string_human_physical_v12,two_hop,45,val,node2vec_walk_logreg,64,2,16,3,2000000,2000000,1182090,147760,0.7137268715434003,0.7300814096393204,0.21522140258914135,0.6199357467158064,0.031125683020754583,0.58149759999651,2.9631277000007685,0.602620499994373,0.009422000002814457
string_human_physical_v12,two_hop,45,test,node2vec_walk_logreg,64,2,16,3,2000000,2000000,1182090,147760,0.7135216007887064,0.7301743990599946,0.21535978482611914,0.6203301527124337,0.03132941732087099,0.58149759999651,2.9631277000007685,0.602620499994373,0.009339700001874007
string_human_physical_v12,two_hop,46,val,node2vec_walk_logreg,64,2,16,3,2000000,2000000,1182090,147760,0.7144508374325682,0.7307687585224222,0.21518144124898575,0.6202081390095213,0.031849533136554184,0.5824113999988185,2.9770876999973552,0.5852350000059232,0.009551000010105781
string_human_physical_v12,two_hop,46,test,node2vec_walk_logreg,64,2,16,3,2000000,2000000,1182090,147760,0.716099728147519,0.7324367985929515,0.21455944096942042,0.6187993633415574,0.0322548102699664,0.5824113999988185,2.9770876999973552,0.5852350000059232,0.009381199997733347
string_human_physical_v12,two_hop,47,val,node2vec_walk_logreg,64,2,16,3,2000000,2000000,1182090,147760,0.7139393664025626,0.7304149409947236,0.21537262966257004,0.6204684094793335,0.0318471062589662,0.586970400006976,3.027044600006775,0.44599599999492057,0.009255700002540834
string_human_physical_v12,two_hop,47,test,node2vec_walk_logreg,64,2,16,3,2000000,2000000,1182090,147760,0.7158043067761737,0.7318423304865365,0.21475218083739483,0.6191975413037636,0.031116479036153565,0.586970400006976,3.027044600006775,0.44599599999492057,0.010315499996067956
string_human_physical_v12,two_hop,48,val,node2vec_walk_logreg,64,2,16,3,2000000,2000000,1182090,147760,0.7129697269148907,0.7287049131296299,0.2156759371272603,0.6213504264151525,0.032240370750366634,0.5964311999996426,2.967785599990748,0.5611251999944216,0.009391400002641603
string_human_physical_v12,two_hop,48,test,node2vec_walk_logreg,64,2,16,3,2000000,2000000,1182090,147760,0.7151365729673574,0.7323767078661075,0.2148250952631272,0.6192437200117457,0.033125526189095464,0.5964311999996426,2.967785599990748,0.5611251999944216,0.009867699991445988
string_human_physical_v12,two_hop,49,val,node2vec_walk_logreg,64,2,16,3,2000000,2000000,1182090,147760,0.7120798041219918,0.7294234881745445,0.21591676495189988,0.6217869531451958,0.030430300948635563,0.5709154999931343,2.9907733000000007,0.5588639000052353,0.009279000005335547
string_human_physical_v12,two_hop,49,test,node2vec_walk_logreg,64,2,16,3,2000000,2000000,1182090,147760,0.7144888554479982,0.7296611047388293,0.21511999635162832,0.6201366234346926,0.030306616211747635,0.5709154999931343,2.9907733000000007,0.5588639000052353,0.009998099994845688
string_human_physical_v12,two_hop,50,val,node2vec_walk_logreg,64,2,16,3,2000000,2000000,1182090,147760,0.7129781288684528,0.7293893467519228,0.2156357258961005,0.6211881254960105,0.03131336805310701,0.5990966999961529,3.076216999994358,0.5655778999935137,0.009299600002123043
string_human_physical_v12,two_hop,50,test,node2vec_walk_logreg,64,2,16,3,2000000,2000000,1182090,147760,0.715058980578113,0.7301997523035247,0.21490073056933776,0.6193929222258232,0.028437649265040034,0.5990966999961529,3.076216999994358,0.5655778999935137,0.009113099993555807
string_human_physical_v12,two_hop,51,val,node2vec_walk_logreg,64,2,16,3,2000000,2000000,1182090,147760,0.7135167728715613,0.7298397610870992,0.2155306537986149,0.620850732432251,0.030040781484463434,0.576887799994438,2.9611894999979995,0.5642041999963112,0.009151000005658716
string_human_physical_v12,two_hop,51,test,node2vec_walk_logreg,64,2,16,3,2000000,2000000,1182090,147760,0.717333956621736,0.7328300540867908,0.214054667571607,0.6170798993578757,0.029878818992212893,0.576887799994438,2.9611894999979995,0.5642041999963112,0.009368800005177036
biogrid_human_physical,two_hop,42,val,node2vec_walk_logreg,64,2,16,3,2000000,2000000,1538450,192306,0.6422539974010981,0.6350688923131125,0.23547810394266205,0.6639226735604506,0.021374254622025034,0.5937343999976292,3.0241962000000058,0.6936142999911681,0.012333900012890808
biogrid_human_physical,two_hop,42,test,node2vec_walk_logreg,64,2,16,3,2000000,2000000,1538450,192306,0.643793815138571,0.6364703997113225,0.23514188157634697,0.6632012110995701,0.021833256772300216,0.5937343999976292,3.0241962000000058,0.6936142999911681,0.012763999999151565
biogrid_human_physical,two_hop,43,val,node2vec_walk_logreg,64,2,16,3,2000000,2000000,1538450,192306,0.6433743555967557,0.6361911907617699,0.2352957866056855,0.6636075935951103,0.022588505240735336,0.5955622000037692,3.0514930999925127,0.6578243000112707,0.012415300006978214
biogrid_human_physical,two_hop,43,test,node2vec_walk_logreg,64,2,16,3,2000000,2000000,1538450,192306,0.645453649540648,0.6405290480049949,0.23473002865900175,0.6623103649421191,0.02240257730403519,0.5955622000037692,3.0514930999925127,0.6578243000112707,0.012782899997546338
biogrid_human_physical,two_hop,44,val,node2vec_walk_logreg,64,2,16,3,2000000,2000000,1538450,192306,0.6441927505265231,0.6360051706177994,0.23513763067698948,0.6633060181105164,0.020233867787825602,0.5815776999952504,3.035935799998697,0.6462433999986388,0.012315500003751367
biogrid_human_physical,two_hop,44,test,node2vec_walk_logreg,64,2,16,3,2000000,2000000,1538450,192306,0.6447586952487063,0.6377194011452559,0.23505732004638896,0.6631436000895065,0.022095149434602036,0.5815776999952504,3.035935799998697,0.6462433999986388,0.012885700009064749
biogrid_human_physical,two_hop,45,val,node2vec_walk_logreg,64,2,16,3,2000000,2000000,1538450,192306,0.6448333343172281,0.6397318542932301,0.23497522279943206,0.6629371779787254,0.023810719877926743,0.5891296000045259,3.0364031000062823,0.7238481999957003,0.012664699999731965
biogrid_human_physical,two_hop,45,test,node2vec_walk_logreg,64,2,16,3,2000000,2000000,1538450,192306,0.6435339828810634,0.6385301813246347,0.23521355273723824,0.6633797344475975,0.023091104342068278,0.5891296000045259,3.0364031000062823,0.7238481999957003,0.013014900003327057
biogrid_human_physical,two_hop,46,val,node2vec_walk_logreg,64,2,16,3,2000000,2000000,1538450,192306,0.6434703329537896,0.637164753179512,0.2352377981425405,0.6634356871529853,0.02280702419775987,0.5942996000085259,3.056064000003971,0.6369224000081886,0.0129255999927409
biogrid_human_physical,two_hop,46,test,node2vec_walk_logreg,64,2,16,3,2000000,2000000,1538450,192306,0.643776941773441,0.636710813853175,0.23508992113982521,0.6630271783927901,0.022537482786337118,0.5942996000085259,3.056064000003971,0.6369224000081886,0.012296600005356595
biogrid_human_physical,two_hop,47,val,node2vec_walk_logreg,64,2,16,3,2000000,2000000,1538450,192306,0.6457879565687458,0.6373281099312897,0.23467270422606987,0.6621896022869596,0.022714463001085212,0.6075255000032485,2.9912853999994695,0.6641069000033895,0.012560000002849847
biogrid_human_physical,two_hop,47,test,node2vec_walk_logreg,64,2,16,3,2000000,2000000,1538450,192306,0.6461984842087205,0.6402672475645964,0.23450510248348921,0.6617537001214628,0.024955315170181153,0.6075255000032485,2.9912853999994695,0.6641069000033895,0.012513399997260422
biogrid_human_physical,two_hop,48,val,node2vec_walk_logreg,64,2,16,3,2000000,2000000,1538450,192306,0.645429348805757,0.6373057995608022,0.23475796722659742,0.6624992212754386,0.02066818407105452,0.5905435000022408,2.992015199997695,0.7319948000076693,0.012281899995286949
biogrid_human_physical,two_hop,48,test,node2vec_walk_logreg,64,2,16,3,2000000,2000000,1538450,192306,0.6466596004689709,0.6402168457838355,0.23449949415459895,0.6619088681665686,0.023801864117964873,0.5905435000022408,2.992015199997695,0.7319948000076693,0.012429499998688698
biogrid_human_physical,two_hop,49,val,node2vec_walk_logreg,64,2,16,3,2000000,2000000,1538450,192306,0.6455893224244802,0.6380149061695104,0.23469256673638486,0.6622418228843813,0.021553288798741844,0.6008273999905214,2.9904409000009764,0.7208269000111613,0.012460600002668798
biogrid_human_physical,two_hop,49,test,node2vec_walk_logreg,64,2,16,3,2000000,2000000,1538450,192306,0.6462111109211897,0.6400024664731813,0.23460728290349436,0.662083683080673,0.02221433117370577,0.6008273999905214,2.9904409000009764,0.7208269000111613,0.012492000008933246
biogrid_human_physical,two_hop,50,val,node2vec_walk_logreg,64,2,16,3,2000000,2000000,1538450,192306,0.6421494928840668,0.636783287588267,0.23551197487123834,0.6640566968685849,0.022122721502257213,0.5803008999937447,3.0171267999976408,0.7351246000034735,0.013551099997130223
biogrid_human_physical,two_hop,50,test,node2vec_walk_logreg,64,2,16,3,2000000,2000000,1538450,192306,0.6451913599528516,0.6397716029690831,0.2348430094903021,0.6626653002490634,0.023086964314795868,0.5803008999937447,3.0171267999976408,0.7351246000034735,0.013665999998920597
biogrid_human_physical,two_hop,51,val,node2vec_walk_logreg,64,2,16,3,2000000,2000000,1538450,192306,0.6457477199079437,0.6405560516870935,0.23467330513862647,0.6621727626125266,0.02487286634022354,0.5975338999996893,3.0591925000044284,0.6415211999992607,0.012597699998877943
biogrid_human_physical,two_hop,51,test,node2vec_walk_logreg,64,2,16,3,2000000,2000000,1538450,192306,0.6456720796928418,0.63936080656678,0.23474904124540352,0.6624294408606531,0.02356980603739286,0.5975338999996893,3.0591925000044284,0.6415211999992607,0.012345600000116974
biogrid_human_physical_no_string_overlap,two_hop,42,val,node2vec_walk_logreg,64,2,16,3,2000000,2000000,860806,107600,0.6195330257320932,0.6019434072121966,0.2409581137402795,0.6760265705289211,0.028732437181664846,0.5971010000066599,2.9790907999995397,0.3708353999973042,0.006839499998022802
biogrid_human_physical_no_string_overlap,two_hop,42,test,node2vec_walk_logreg,64,2,16,3,2000000,2000000,860806,107600,0.620587778637664,0.6019138451765549,0.24061464389616644,0.6751762614863424,0.026820800031284335,0.5971010000066599,2.9790907999995397,0.3708353999973042,0.007032699999399483
biogrid_human_physical_no_string_overlap,two_hop,43,val,node2vec_walk_logreg,64,2,16,3,2000000,2000000,860806,107600,0.6247188571882644,0.6074732010752802,0.2398474644924869,0.6735395799433429,0.02568322756068523,0.5779340000008233,2.9769659000012325,0.3901326999912271,0.007094800006598234
biogrid_human_physical_no_string_overlap,two_hop,43,test,node2vec_walk_logreg,64,2,16,3,2000000,2000000,860806,107600,0.6254253403076242,0.6067624110786475,0.2397207338143225,0.6733152269833903,0.02491682336976557,0.5779340000008233,2.9769659000012325,0.3901326999912271,0.006819000001996756
biogrid_human_physical_no_string_overlap,two_hop,44,val,node2vec_walk_logreg,64,2,16,3,2000000,2000000,860806,107600,0.6242534327883804,0.607563478878434,0.2399729484608568,0.6738582322225201,0.028363329368332933,0.6049946999992244,3.0929752999945777,0.3526162000052864,0.006785399993532337
biogrid_human_physical_no_string_overlap,two_hop,44,test,node2vec_walk_logreg,64,2,16,3,2000000,2000000,860806,107600,0.6219247267174306,0.6068698641394574,0.24060366994725932,0.675177611277447,0.029994892155336912,0.6049946999992244,3.0929752999945777,0.3526162000052864,0.0068509999982779846
biogrid_human_physical_no_string_overlap,two_hop,45,val,node2vec_walk_logreg,64,2,16,3,2000000,2000000,860806,107600,0.6262488394991776,0.6100776937965656,0.2393388684309775,0.6722950271266672,0.028548338999855063,0.5777915999933612,3.017895899989526,0.3522404999966966,0.006941200001165271
biogrid_human_physical_no_string_overlap,two_hop,45,test,node2vec_walk_logreg,64,2,16,3,2000000,2000000,860806,107600,0.6242185697406062,0.6059445542292106,0.24001450430872345,0.673969027394769,0.028940479711739197,0.5777915999933612,3.017895899989526,0.3522404999966966,0.00698499999998603
biogrid_human_physical_no_string_overlap,two_hop,46,val,node2vec_walk_logreg,64,2,16,3,2000000,2000000,860806,107600,0.6241333010876025,0.6049574299963711,0.24010238613388335,0.6741605538621035,0.02939164544831359,0.5862504000106128,2.9888250999938464,0.36175740000908263,0.0073124000045936555
biogrid_human_physical_no_string_overlap,two_hop,46,test,node2vec_walk_logreg,64,2,16,3,2000000,2000000,860806,107600,0.6242019589281519,0.6058316847533652,0.24004909966816657,0.6740459096742906,0.029163029076631524,0.5862504000106128,2.9888250999938464,0.36175740000908263,0.007020100005320273
biogrid_human_physical_no_string_overlap,two_hop,47,val,node2vec_walk_logreg,64,2,16,3,2000000,2000000,860806,107600,0.6252286532109839,0.6071137061129519,0.2396454600351738,0.6731153736650104,0.02866324932436516,0.5804758000012953,2.9798368999909144,0.3620686999929603,0.007258699988597073
biogrid_human_physical_no_string_overlap,two_hop,47,test,node2vec_walk_logreg,64,2,16,3,2000000,2000000,860806,107600,0.6275393236688271,0.6087639385231339,0.23910658486767994,0.6720517726996849,0.025091362604246496,0.5804758000012953,2.9798368999909144,0.3620686999929603,0.006860699999378994
biogrid_human_physical_no_string_overlap,two_hop,48,val,node2vec_walk_logreg,64,2,16,3,2000000,2000000,860806,107600,0.6207140904630948,0.6039309995189344,0.2406246294477999,0.6751686440926742,0.028515284578848308,0.5747949999931734,3.120985199988354,0.35582219999923836,0.00689309999870602
biogrid_human_physical_no_string_overlap,two_hop,48,test,node2vec_walk_logreg,64,2,16,3,2000000,2000000,860806,107600,0.6223723069056535,0.6030007269757751,0.2400965475077767,0.6739533601148172,0.026962157140448067,0.5747949999931734,3.120985199988354,0.35582219999923836,0.0070173999993130565
biogrid_human_physical_no_string_overlap,two_hop,49,val,node2vec_walk_logreg,64,2,16,3,2000000,2000000,860806,107600,0.6216557696825639,0.6027982119023904,0.24037708703956445,0.6745937378450981,0.027530075811056116,0.5770929999998771,2.994584499989287,0.3561090000002878,0.007036900002276525
biogrid_human_physical_no_string_overlap,two_hop,49,test,node2vec_walk_logreg,64,2,16,3,2000000,2000000,860806,107600,0.6192558553640773,0.6009424821273726,0.2410413102280948,0.6761400375351052,0.029878294183302387,0.5770929999998771,2.994584499989287,0.3561090000002878,0.007032100009382702
biogrid_human_physical_no_string_overlap,two_hop,50,val,node2vec_walk_logreg,64,2,16,3,2000000,2000000,860806,107600,0.6223343541410428,0.6043117230127947,0.24046346584575734,0.6749299644768096,0.02688378863200304,0.5669438000040827,3.0233451000094647,0.35461020001093857,0.006876300001749769
biogrid_human_physical_no_string_overlap,two_hop,50,test,node2vec_walk_logreg,64,2,16,3,2000000,2000000,860806,107600,0.6225049467254461,0.6045989474520874,0.2402838570487345,0.6744383232631245,0.027832515435065024,0.5669438000040827,3.0233451000094647,0.35461020001093857,0.007264300002134405
biogrid_human_physical_no_string_overlap,two_hop,51,val,node2vec_walk_logreg,64,2,16,3,2000000,2000000,860806,107600,0.6230784548997388,0.6039838014550774,0.23997621672393202,0.6737513883792093,0.02873107174807265,0.582554299995536,2.967178100007004,0.37013710000610445,0.007992300001205876
biogrid_human_physical_no_string_overlap,two_hop,51,test,node2vec_walk_logreg,64,2,16,3,2000000,2000000,860806,107600,0.6226989224167715,0.6034222536860713,0.2401786664639249,0.6741882085433811,0.027925121083238726,0.582554299995536,2.967178100007004,0.37013710000610445,0.007106399993062951
string_human_physical_no_biogrid_overlap,two_hop,42,val,node2vec_walk_logreg,64,2,16,3,2000000,2000000,503266,62906,0.7369035915490482,0.7281190724153284,0.20957583800834026,0.61234212311606,0.033829746675791174,0.5656298999965657,2.9731333999952767,0.2595796999958111,0.004313899989938363
string_human_physical_no_biogrid_overlap,two_hop,42,test,node2vec_walk_logreg,64,2,16,3,2000000,2000000,503266,62906,0.7423003230184368,0.7352593183691676,0.20728207605685883,0.6072880013378799,0.03181990826357561,0.5656298999965657,2.9731333999952767,0.2595796999958111,0.0037198000063654035
string_human_physical_no_biogrid_overlap,two_hop,43,val,node2vec_walk_logreg,64,2,16,3,2000000,2000000,503266,62906,0.7454377520906487,0.7395421927966472,0.20587133540505806,0.6032364953104955,0.03169190591340313,0.5753574000118533,2.9732060999958776,0.2495249000057811,0.00398999999742955
string_human_physical_no_biogrid_overlap,two_hop,43,test,node2vec_walk_logreg,64,2,16,3,2000000,2000000,503266,62906,0.7441488424264366,0.7384469793224422,0.20640198281638455,0.604905136488836,0.0279302313144845,0.5753574000118533,2.9732060999958776,0.2495249000057811,0.004887500006589107
string_human_physical_no_biogrid_overlap,two_hop,44,val,node2vec_walk_logreg,64,2,16,3,2000000,2000000,503266,62906,0.737881605900331,0.7282781654805474,0.2090185500897881,0.6109073465026353,0.031871906581179894,0.5661495000094874,2.9210824000037974,0.24703920001047663,0.004006900009699166
string_human_physical_no_biogrid_overlap,two_hop,44,test,node2vec_walk_logreg,64,2,16,3,2000000,2000000,503266,62906,0.7434927909078387,0.7359379060031661,0.20676450965473264,0.6054283367229453,0.02925413618917929,0.5661495000094874,2.9210824000037974,0.24703920001047663,0.0037540000048466027
string_human_physical_no_biogrid_overlap,two_hop,45,val,node2vec_walk_logreg,64,2,16,3,2000000,2000000,503266,62906,0.737799220653946,0.7300417654877547,0.2091102211154172,0.6114718528486379,0.030288521622299527,0.5685478999948828,2.9053856000100495,0.256782899989048,0.003965399999287911
string_human_physical_no_biogrid_overlap,two_hop,45,test,node2vec_walk_logreg,64,2,16,3,2000000,2000000,503266,62906,0.7447087331794939,0.7392638655282353,0.20629249592586424,0.6041342503736002,0.031529413484416145,0.5685478999948828,2.9053856000100495,0.256782899989048,0.0037248000007821247
string_human_physical_no_biogrid_overlap,two_hop,46,val,node2vec_walk_logreg,64,2,16,3,2000000,2000000,503266,62906,0.7401384489609875,0.7267870675176447,0.20821084239654686,0.6094182069268084,0.029949684671800522,0.6315013999992516,2.908397100007278,0.2523001999943517,0.003924400007235818
string_human_physical_no_biogrid_overlap,two_hop,46,test,node2vec_walk_logreg,64,2,16,3,2000000,2000000,503266,62906,0.740421225152118,0.7324692397363433,0.2081022064207326,0.6091311331519654,0.033402727762606624,0.6315013999992516,2.908397100007278,0.2523001999943517,0.003413500002352521
string_human_physical_no_biogrid_overlap,two_hop,47,val,node2vec_walk_logreg,64,2,16,3,2000000,2000000,503266,62906,0.7414659599992464,0.7320563021862238,0.2075828104112712,0.6080493286753959,0.030160594610115672,0.5810168000025442,3.035967999996501,0.26998440000170376,0.003915699999197386
string_human_physical_no_biogrid_overlap,two_hop,47,test,node2vec_walk_logreg,64,2,16,3,2000000,2000000,503266,62906,0.7460943413679925,0.7364668874193586,0.2057060345719821,0.6030371136597135,0.02742778578141252,0.5810168000025442,3.035967999996501,0.26998440000170376,0.00401140000030864
string_human_physical_no_biogrid_overlap,two_hop,48,val,node2vec_walk_logreg,64,2,16,3,2000000,2000000,503266,62906,0.7399144643566725,0.7316013547057534,0.20811778799802505,0.6083962427353528,0.029042398143570635,0.5647884000063641,2.9166529000067385,0.2618299999885494,0.003756000005523674
string_human_physical_no_biogrid_overlap,two_hop,48,test,node2vec_walk_logreg,64,2,16,3,2000000,2000000,503266,62906,0.7411788069371189,0.7348870926687245,0.2075921360912383,0.6073119418899456,0.029164256250611618,0.5647884000063641,2.9166529000067385,0.2618299999885494,0.0035342999908607453
string_human_physical_no_biogrid_overlap,two_hop,49,val,node2vec_walk_logreg,64,2,16,3,2000000,2000000,503266,62906,0.7407990512124321,0.7308382334029291,0.20783252944655498,0.6087895355903538,0.029489155160047256,0.5666543999977876,2.9129131000081543,0.25649349999730475,0.004068400012329221
string_human_physical_no_biogrid_overlap,two_hop,49,test,node2vec_walk_logreg,64,2,16,3,2000000,2000000,503266,62906,0.7396831856412464,0.7325806591836543,0.20828867114302904,0.6091337210798976,0.03077635935271122,0.5666543999977876,2.9129131000081543,0.25649349999730475,0.0037675999919883907
string_human_physical_no_biogrid_overlap,two_hop,50,val,node2vec_walk_logreg,64,2,16,3,2000000,2000000,503266,62906,0.7378384477284888,0.7309280590567153,0.20912799026271386,0.6116627921144501,0.03217988224404471,0.5659426000056555,2.895924800002831,0.27594340000359807,0.003953099992941134
string_human_physical_no_biogrid_overlap,two_hop,50,test,node2vec_walk_logreg,64,2,16,3,2000000,2000000,503266,62906,0.7445180239138262,0.7366692584700432,0.20637427602245131,0.6046919282428131,0.030515463776999884,0.5659426000056555,2.895924800002831,0.27594340000359807,0.0037706000002799556
string_human_physical_no_biogrid_overlap,two_hop,51,val,node2vec_walk_logreg,64,2,16,3,2000000,2000000,503266,62906,0.7391463073235497,0.7284316997412946,0.2085483493546802,0.6105235869422809,0.02964207312378388,0.5644153000030201,2.917788999999175,0.2680599000013899,0.00360989999899175
string_human_physical_no_biogrid_overlap,two_hop,51,test,node2vec_walk_logreg,64,2,16,3,2000000,2000000,503266,62906,0.7453139169661822,0.734080038775252,0.20597683443151676,0.6045903885910477,0.02558490908365687,0.5644153000030201,2.917788999999175,0.2680599000013899,0.0037031999963801354
