dataset,negative_strategy,seed,split,model,feature_set,decoder,epochs,hidden_dim,embedding_dim,dropout,learning_rate,weight_decay,sampled_train_pairs_per_class,sampled_eval_pairs_per_class,num_nodes,num_train,num_eval,auroc,auprc,brier,nll,ece_10,train_seconds,inference_seconds,last_train_loss
string_human_physical_v12,random,42,val,gcn_dot,train_graph_degree_features,dot_product,10,64,64,0.2,0.01,0.0001,100000,,18767,200000,147760,0.5396315795577428,0.5206492346371486,0.49949443340301514,7.755268573760986,0.49972600844191034,2.979332400020212,0.22486570000182837,73.08155822753906
string_human_physical_v12,random,42,test,gcn_dot,train_graph_degree_features,dot_product,10,64,64,0.2,0.01,0.0001,100000,,18767,200000,147760,0.540407280485131,0.5210726837675579,0.4994796812534332,7.751491546630859,0.4997163996689372,2.979332400020212,0.2283185999840498,73.08155822753906
string_human_physical_v12,random,43,val,gcn_dot,train_graph_degree_features,dot_product,10,64,64,0.2,0.01,0.0001,100000,,18767,200000,147760,0.5695634450457274,0.5374641958902197,0.498553603887558,7.550370693206787,0.49920111983837023,3.0016426000511274,0.22483349998947233,57.99526596069336
string_human_physical_v12,random,43,test,gcn_dot,train_graph_degree_features,dot_product,10,64,64,0.2,0.01,0.0001,100000,,18767,200000,147760,0.5703572078831649,0.5379145648461476,0.4985963702201843,7.543380260467529,0.4992188895461071,3.0016426000511274,0.23064680001698434,57.99526596069336
string_human_physical_v12,random,44,val,gcn_dot,train_graph_degree_features,dot_product,10,64,64,0.2,0.01,0.0001,100000,,18767,200000,147760,0.5615440754282174,0.5328476278800327,0.49918416142463684,7.615872859954834,0.4995558732669775,3.0259036000352353,0.2329189000884071,62.00477981567383
string_human_physical_v12,random,44,test,gcn_dot,train_graph_degree_features,dot_product,10,64,64,0.2,0.01,0.0001,100000,,18767,200000,147760,0.5618724772154263,0.5330313227250969,0.49924200773239136,7.61226224899292,0.4995928733165385,3.0259036000352353,0.23387399991042912,62.00477981567383
string_human_physical_v12,random,45,val,gcn_dot,train_graph_degree_features,dot_product,10,64,64,0.2,0.01,0.0001,100000,,18767,200000,147760,0.620956142773411,0.5691927861225499,0.49767154455184937,7.176028728485107,0.4987338035310451,3.0695000999839976,0.24652609997428954,36.90330123901367
string_human_physical_v12,random,45,test,gcn_dot,train_graph_degree_features,dot_product,10,64,64,0.2,0.01,0.0001,100000,,18767,200000,147760,0.6203006038890382,0.5687565657779462,0.4976852238178253,7.181774616241455,0.4987421706145398,3.0695000999839976,0.24093810003250837,36.90330123901367
string_human_physical_v12,random,46,val,gcn_dot,train_graph_degree_features,dot_product,10,64,64,0.2,0.01,0.0001,100000,,18767,200000,147760,0.556685453320021,0.530093970994469,0.4992286264896393,7.649216651916504,0.49957956402775855,3.036702199955471,0.23937099997419864,60.9993782043457
string_human_physical_v12,random,46,test,gcn_dot,train_graph_degree_features,dot_product,10,64,64,0.2,0.01,0.0001,100000,,18767,200000,147760,0.556650956668491,0.5300726116081358,0.49916285276412964,7.6403584480285645,0.49954539369983353,3.036702199955471,0.3132008999818936,60.9993782043457
string_human_physical_v12,random,47,val,gcn_dot,train_graph_degree_features,dot_product,10,64,64,0.2,0.01,0.0001,100000,,18767,200000,147760,0.5664333543156215,0.5356399414363354,0.4989921450614929,7.584663391113281,0.4994508507602526,3.7916268999688327,0.4847441999008879,57.8231315612793
string_human_physical_v12,random,47,test,gcn_dot,train_graph_degree_features,dot_product,10,64,64,0.2,0.01,0.0001,100000,,18767,200000,147760,0.566159740465743,0.5354814897666255,0.49896082282066345,7.58522367477417,0.4994314991119234,3.7916268999688327,0.4727984999772161,57.8231315612793
string_human_physical_v12,random,48,val,gcn_dot,train_graph_degree_features,dot_product,10,64,64,0.2,0.01,0.0001,100000,,18767,200000,147760,0.5748687338574766,0.5405651614797824,0.4987068772315979,7.5127692222595215,0.4992888360812204,3.659478700021282,0.35333700000774115,51.661155700683594
string_human_physical_v12,random,48,test,gcn_dot,train_graph_degree_features,dot_product,10,64,64,0.2,0.01,0.0001,100000,,18767,200000,147760,0.5740056532542712,0.5400504411732705,0.49867352843284607,7.51815128326416,0.49927206398887963,3.659478700021282,0.4016348998993635,51.661155700683594
string_human_physical_v12,random,49,val,gcn_dot,train_graph_degree_features,dot_product,10,64,64,0.2,0.01,0.0001,100000,,18767,200000,147760,0.5519613029579565,0.5274410825576898,0.49928852915763855,7.676425457000732,0.4996108135594731,4.516737899975851,0.38910419994499534,61.49273681640625
string_human_physical_v12,random,49,test,gcn_dot,train_graph_degree_features,dot_product,10,64,64,0.2,0.01,0.0001,100000,,18767,200000,147760,0.5523565999415492,0.5276620923459999,0.4992489814758301,7.6758317947387695,0.4995854278904364,4.516737899975851,0.2827130000805482,61.49273681640625
string_human_physical_v12,random,50,val,gcn_dot,train_graph_degree_features,dot_product,10,64,64,0.2,0.01,0.0001,100000,,18767,200000,147760,0.5384650759407623,0.5200168379236962,0.4995358884334564,7.762068748474121,0.49974953443029796,3.9002507000695914,0.32318509998731315,83.30548095703125
string_human_physical_v12,random,50,test,gcn_dot,train_graph_degree_features,dot_product,10,64,64,0.2,0.01,0.0001,100000,,18767,200000,147760,0.5390891954394796,0.5203517969636589,0.4995824694633484,7.761325836181641,0.499774813806133,3.9002507000695914,0.3094137000152841,83.30548095703125
string_human_physical_v12,random,51,val,gcn_dot,train_graph_degree_features,dot_product,10,64,64,0.2,0.01,0.0001,100000,,18767,200000,147760,0.5635030542914965,0.5339666419982759,0.4990746080875397,7.599493503570557,0.49950005632795447,3.5913392000366002,0.29085850005503744,57.31692123413086
string_human_physical_v12,random,51,test,gcn_dot,train_graph_degree_features,dot_product,10,64,64,0.2,0.01,0.0001,100000,,18767,200000,147760,0.564429063529908,0.5344902654412892,0.4989469349384308,7.592400074005127,0.49942336850227315,3.5913392000366002,0.23097880010027438,57.31692123413086
string_human_physical_v12,degree_matched,42,val,gcn_dot,train_graph_degree_features,dot_product,10,64,64,0.2,0.01,0.0001,100000,,18767,200000,147760,0.49976970357043093,0.4998848259078257,0.4999997317790985,7.96914529800415,0.49999892711639404,3.787163299974054,0.4322809000732377,306.6049499511719
string_human_physical_v12,degree_matched,42,test,gcn_dot,train_graph_degree_features,dot_product,10,64,64,0.2,0.01,0.0001,100000,,18767,200000,147760,0.49958716691548855,0.4997934668960434,0.4999997317790985,7.968864917755127,0.499999840031557,3.787163299974054,0.32801169995218515,306.6049499511719
string_human_physical_v12,degree_matched,43,val,gcn_dot,train_graph_degree_features,dot_product,10,64,64,0.2,0.01,0.0001,100000,,18767,200000,147760,0.4989712122982029,0.49948482101877334,0.4999943971633911,7.9649658203125,0.49999349531397413,4.571964700007811,0.3341486999997869,245.21046447753906
string_human_physical_v12,degree_matched,43,test,gcn_dot,train_graph_degree_features,dot_product,10,64,64,0.2,0.01,0.0001,100000,,18767,200000,147760,0.499633787040047,0.4998167295507198,0.49999672174453735,7.964383125305176,0.4999890299365691,4.571964700007811,0.3451331000542268,245.21046447753906
string_human_physical_v12,degree_matched,44,val,gcn_dot,train_graph_degree_features,dot_product,10,64,64,0.2,0.01,0.0001,100000,,18767,200000,147760,0.49937030353513756,0.49968474225579795,0.4999980330467224,7.965297698974609,0.4999973015586427,5.088883600081317,0.28533610003069043,256.0971984863281
string_human_physical_v12,degree_matched,44,test,gcn_dot,train_graph_degree_features,dot_product,10,64,64,0.2,0.01,0.0001,100000,,18767,200000,147760,0.4993700814861249,0.4996847179761899,0.4999973177909851,7.965973377227783,0.49999837074075826,5.088883600081317,0.2808326999656856,256.0971984863281
string_human_physical_v12,degree_matched,45,val,gcn_dot,train_graph_degree_features,dot_product,10,64,64,0.2,0.01,0.0001,100000,,18767,200000,147760,0.498771443210855,0.4993832058754025,0.49998536705970764,7.949519634246826,0.4999857144875015,3.8034232000354677,0.27055050001945347,152.51422119140625
string_human_physical_v12,degree_matched,45,test,gcn_dot,train_graph_degree_features,dot_product,10,64,64,0.2,0.01,0.0001,100000,,18767,200000,147760,0.4990877412199768,0.4995426454244389,0.499979704618454,7.949954986572266,0.4999747121626936,3.8034232000354677,0.24862620001658797,152.51422119140625
string_human_physical_v12,degree_matched,46,val,gcn_dot,train_graph_degree_features,dot_product,10,64,64,0.2,0.01,0.0001,100000,,18767,200000,147760,0.49956632298047526,0.49978296843441644,0.4999992549419403,7.965530872344971,0.4999991812110431,3.213552000001073,0.44693370000459254,245.4694366455078
string_human_physical_v12,degree_matched,46,test,gcn_dot,train_graph_degree_features,dot_product,10,64,64,0.2,0.01,0.0001,100000,,18767,200000,147760,0.49946495604895225,0.4997321805177639,0.49999698996543884,7.965555667877197,0.4999969813006596,3.213552000001073,0.2765604000305757,245.4694366455078
string_human_physical_v12,degree_matched,47,val,gcn_dot,train_graph_degree_features,dot_product,10,64,64,0.2,0.01,0.0001,100000,,18767,200000,147760,0.4994785143213552,0.4997389693876218,0.4999963939189911,7.965697765350342,0.49999350234382073,4.395952399936505,0.42579670005943626,240.0657958984375
string_human_physical_v12,degree_matched,47,test,gcn_dot,train_graph_degree_features,dot_product,10,64,64,0.2,0.01,0.0001,100000,,18767,200000,147760,0.49941083343422027,0.4997050885064127,0.4999984800815582,7.966114044189453,0.49999662396928135,4.395952399936505,0.2539345999248326,240.0657958984375
string_human_physical_v12,degree_matched,48,val,gcn_dot,train_graph_degree_features,dot_product,10,64,64,0.2,0.01,0.0001,100000,,18767,200000,147760,0.49924034412906804,0.499619685193878,0.4999948740005493,7.963082790374756,0.49999139845919854,5.204647999955341,0.3671945999376476,217.06228637695312
string_human_physical_v12,degree_matched,48,test,gcn_dot,train_graph_degree_features,dot_product,10,64,64,0.2,0.01,0.0001,100000,,18767,200000,147760,0.49915938903470686,0.49957919924373445,0.4999966621398926,7.9643778800964355,0.4999930205316756,5.204647999955341,0.3189354999922216,217.06228637695312
string_human_physical_v12,degree_matched,49,val,gcn_dot,train_graph_degree_features,dot_product,10,64,64,0.2,0.01,0.0001,100000,,18767,200000,147760,0.4994244039816101,0.49971200877996935,0.4999995827674866,7.967775344848633,0.49999785712992234,4.825874899979681,0.2847553000319749,253.82713317871094
string_human_physical_v12,degree_matched,49,test,gcn_dot,train_graph_degree_features,dot_product,10,64,64,0.2,0.01,0.0001,100000,,18767,200000,147760,0.4994517836141899,0.4997256400809054,0.4999984800815582,7.967123031616211,0.4999909601956364,4.825874899979681,0.29558779997751117,253.82713317871094
string_human_physical_v12,degree_matched,50,val,gcn_dot,train_graph_degree_features,dot_product,10,64,64,0.2,0.01,0.0001,100000,,18767,200000,147760,0.4996480039479289,0.4998239194083936,0.4999956786632538,7.969039440155029,0.4999969373922543,3.5555958000477403,0.2562785999616608,346.76019287109375
string_human_physical_v12,degree_matched,50,test,gcn_dot,train_graph_degree_features,dot_product,10,64,64,0.2,0.01,0.0001,100000,,18767,200000,147760,0.4997629723891213,0.4998814574334353,0.4999999403953552,7.969635963439941,0.49999931534045317,3.5555958000477403,0.24235670000780374,346.76019287109375
string_human_physical_v12,degree_matched,51,val,gcn_dot,train_graph_degree_features,dot_product,10,64,64,0.2,0.01,0.0001,100000,,18767,200000,147760,0.49929636780945946,0.4996475971962057,0.49999719858169556,7.964925289154053,0.49999451024037284,4.021203999989666,0.3099956000223756,240.8228759765625
string_human_physical_v12,degree_matched,51,test,gcn_dot,train_graph_degree_features,dot_product,10,64,64,0.2,0.01,0.0001,100000,,18767,200000,147760,0.4995868267884326,0.499793175326875,0.4999997913837433,7.965404987335205,0.4999985488431158,4.021203999989666,0.3234047000296414,240.8228759765625
string_human_physical_v12,two_hop,42,val,gcn_dot,train_graph_degree_features,dot_product,10,64,64,0.2,0.01,0.0001,100000,,18767,200000,147760,0.5006902732492645,0.5003456819896874,0.499976247549057,7.964462757110596,0.49998601176082674,3.4882131000049412,0.22935019992291927,246.3032989501953
string_human_physical_v12,two_hop,42,test,gcn_dot,train_graph_degree_features,dot_product,10,64,64,0.2,0.01,0.0001,100000,,18767,200000,147760,0.5003318330124005,0.5001660914147784,0.49997568130493164,7.965067386627197,0.49998328747962967,3.4882131000049412,0.23952179995831102,246.3032989501953
string_human_physical_v12,two_hop,43,val,gcn_dot,train_graph_degree_features,dot_product,10,64,64,0.2,0.01,0.0001,100000,,18767,200000,147760,0.5007594328142713,0.5003806926393551,0.49995937943458557,7.956258296966553,0.49997149215366754,3.127278700005263,0.24870220001321286,197.31031799316406
string_human_physical_v12,two_hop,43,test,gcn_dot,train_graph_degree_features,dot_product,10,64,64,0.2,0.01,0.0001,100000,,18767,200000,147760,0.5013947162301559,0.5006997599637071,0.4999411404132843,7.955024242401123,0.49995679556799055,3.127278700005263,0.23932960000820458,197.31031799316406
string_human_physical_v12,two_hop,44,val,gcn_dot,train_graph_degree_features,dot_product,10,64,64,0.2,0.01,0.0001,100000,,18767,200000,147760,0.500839832786101,0.5004210293080925,0.499955952167511,7.9578962326049805,0.4999675773943381,3.612074099946767,0.2816334000090137,207.773681640625
string_human_physical_v12,two_hop,44,test,gcn_dot,train_graph_degree_features,dot_product,10,64,64,0.2,0.01,0.0001,100000,,18767,200000,147760,0.5011302828794495,0.5005669402836306,0.49996811151504517,7.958048343658447,0.4999773992974821,3.612074099946767,0.4739193000132218,207.773681640625
string_human_physical_v12,two_hop,45,val,gcn_dot,train_graph_degree_features,dot_product,10,64,64,0.2,0.01,0.0001,100000,,18767,200000,147760,0.5031469870660481,0.501589378587637,0.49993667006492615,7.929968357086182,0.4999506128107818,3.343965500011109,0.28085410001222044,123.89801025390625
string_human_physical_v12,two_hop,45,test,gcn_dot,train_graph_degree_features,dot_product,10,64,64,0.2,0.01,0.0001,100000,,18767,200000,147760,0.5036085553286046,0.5018223242898169,0.49990853667259216,7.927426338195801,0.4999340942963498,3.343965500011109,0.3008988000219688,123.89801025390625
string_human_physical_v12,two_hop,46,val,gcn_dot,train_graph_degree_features,dot_product,10,64,64,0.2,0.01,0.0001,100000,,18767,200000,147760,0.5011372597437013,0.5005703746292026,0.49997085332870483,7.95722770690918,0.4999798844384385,3.996110099949874,0.27174350002314895,202.19676208496094
string_human_physical_v12,two_hop,46,test,gcn_dot,train_graph_degree_features,dot_product,10,64,64,0.2,0.01,0.0001,100000,,18767,200000,147760,0.50062942504109,0.5003155670880745,0.4999803900718689,7.960009574890137,0.49998394469828883,3.996110099949874,0.29504849994555116,202.19676208496094
string_human_physical_v12,two_hop,47,val,gcn_dot,train_graph_degree_features,dot_product,10,64,64,0.2,0.01,0.0001,100000,,18767,200000,147760,0.5010430679083041,0.5005229417020957,0.4999599754810333,7.957662105560303,0.49997220685272903,4.150908699957654,0.2860767999663949,193.2799530029297
string_human_physical_v12,two_hop,47,test,gcn_dot,train_graph_degree_features,dot_product,10,64,64,0.2,0.01,0.0001,100000,,18767,200000,147760,0.5012189910935628,0.5006112862895281,0.499961256980896,7.957226276397705,0.4999714870257963,4.150908699957654,0.26131199998781085,193.2799530029297
string_human_physical_v12,two_hop,48,val,gcn_dot,train_graph_degree_features,dot_product,10,64,64,0.2,0.01,0.0001,100000,,18767,200000,147760,0.5010159080346273,0.5005098686617394,0.4999445378780365,7.95300817489624,0.49995840007250675,4.483582500019111,0.48689980001654476,174.5586395263672
string_human_physical_v12,two_hop,48,test,gcn_dot,train_graph_degree_features,dot_product,10,64,64,0.2,0.01,0.0001,100000,,18767,200000,147760,0.5014153482842426,0.50071047983315,0.49993765354156494,7.952234268188477,0.4999547458878548,4.483582500019111,0.2887318000430241,174.5586395263672
string_human_physical_v12,two_hop,49,val,gcn_dot,train_graph_degree_features,dot_product,10,64,64,0.2,0.01,0.0001,100000,,18767,200000,147760,0.5006703339990894,0.5003358570049463,0.4999764859676361,7.960855484008789,0.4999815326492627,3.967437999905087,0.3672161999857053,206.82171630859375
string_human_physical_v12,two_hop,49,test,gcn_dot,train_graph_degree_features,dot_product,10,64,64,0.2,0.01,0.0001,100000,,18767,200000,147760,0.5008464447901146,0.5004241803206851,0.4999582767486572,7.9600677490234375,0.4999676175903616,3.967437999905087,0.43514350010082126,206.82171630859375
string_human_physical_v12,two_hop,50,val,gcn_dot,train_graph_degree_features,dot_product,10,64,64,0.2,0.01,0.0001,100000,,18767,200000,147760,0.5004333590607282,0.5002169213484067,0.4999782145023346,7.964920997619629,0.49998578363631174,3.761417599976994,0.3206856999313459,281.17974853515625
string_human_physical_v12,two_hop,50,test,gcn_dot,train_graph_degree_features,dot_product,10,64,64,0.2,0.01,0.0001,100000,,18767,200000,147760,0.5005619744473618,0.5002813110332717,0.4999801814556122,7.965474605560303,0.4999881743029381,3.761417599976994,0.27288569998927414,281.17974853515625
string_human_physical_v12,two_hop,51,val,gcn_dot,train_graph_degree_features,dot_product,10,64,64,0.2,0.01,0.0001,100000,,18767,200000,147760,0.5009762510336637,0.5004893279676131,0.49995163083076477,7.955864906311035,0.4999690935959607,3.799847000045702,0.29307730006985366,192.43312072753906
string_human_physical_v12,two_hop,51,test,gcn_dot,train_graph_degree_features,dot_product,10,64,64,0.2,0.01,0.0001,100000,,18767,200000,147760,0.5012120325501868,0.5006078730083776,0.499961256980896,7.957247257232666,0.4999729935299659,3.799847000045702,0.3238180000334978,192.43312072753906
biogrid_human_physical,random,42,val,gcn_dot,train_graph_degree_features,dot_product,10,64,64,0.2,0.01,0.0001,100000,,20376,200000,192306,0.5285747341259078,0.5147083621659778,0.499879390001297,7.835513591766357,0.49993648737448615,4.437005799962208,0.35315340000670403,122.68270111083984
biogrid_human_physical,random,42,test,gcn_dot,train_graph_degree_features,dot_product,10,64,64,0.2,0.01,0.0001,100000,,20376,200000,192306,0.5289176384029165,0.5148906867670587,0.4998936057090759,7.832961082458496,0.49994465452313547,4.437005799962208,0.2933209999464452,122.68270111083984
biogrid_human_physical,random,43,val,gcn_dot,train_graph_degree_features,dot_product,10,64,64,0.2,0.01,0.0001,100000,,20376,200000,192306,0.5496396725222321,0.5261196284712906,0.4996285140514374,7.697253227233887,0.49980507870559204,4.462161600007676,0.38552060001529753,100.78968811035156
biogrid_human_physical,random,43,test,gcn_dot,train_graph_degree_features,dot_product,10,64,64,0.2,0.01,0.0001,100000,,20376,200000,192306,0.5496776922425765,0.5261414597078181,0.4996291697025299,7.701053142547607,0.4998054231945025,4.462161600007676,0.29657870007213205,100.78968811035156
biogrid_human_physical,random,44,val,gcn_dot,train_graph_degree_features,dot_product,10,64,64,0.2,0.01,0.0001,100000,,20376,200000,192306,0.5475695448129448,0.5249767125728031,0.4997395873069763,7.719409942626953,0.4998639385343762,3.8730800000485033,0.31466780009213835,101.4371337890625
biogrid_human_physical,random,44,test,gcn_dot,train_graph_degree_features,dot_product,10,64,64,0.2,0.01,0.0001,100000,,20376,200000,192306,0.5481026419547732,0.5252688363973477,0.4997297525405884,7.7164082527160645,0.4998603137737987,3.8730800000485033,0.39235009998083115,101.4371337890625
biogrid_human_physical,random,45,val,gcn_dot,train_graph_degree_features,dot_product,10,64,64,0.2,0.01,0.0001,100000,,20376,200000,192306,0.5928982401954331,0.5512257357787408,0.4988483488559723,7.39569091796875,0.49939698127144666,3.667955700075254,0.2943127000471577,57.57352828979492
biogrid_human_physical,random,45,test,gcn_dot,train_graph_degree_features,dot_product,10,64,64,0.2,0.01,0.0001,100000,,20376,200000,192306,0.5931796536730888,0.551402405124285,0.49880728125572205,7.388912200927734,0.49937365750772394,3.667955700075254,0.2913511000806466,57.57352828979492
biogrid_human_physical,random,46,val,gcn_dot,train_graph_degree_features,dot_product,10,64,64,0.2,0.01,0.0001,100000,,20376,200000,192306,0.5423985863302361,0.5221407915633841,0.49976298213005066,7.74822473526001,0.49987713594236444,3.9365858999080956,0.3320053000934422,99.73824310302734
biogrid_human_physical,random,46,test,gcn_dot,train_graph_degree_features,dot_product,10,64,64,0.2,0.01,0.0001,100000,,20376,200000,192306,0.5427163741152763,0.5223131403049984,0.49977099895477295,7.750797748565674,0.4998809887795235,3.9365858999080956,0.2913172000553459,99.73824310302734
biogrid_human_physical,random,47,val,gcn_dot,train_graph_degree_features,dot_product,10,64,64,0.2,0.01,0.0001,100000,,20376,200000,192306,0.5504342921135557,0.5265605563662449,0.49964675307273865,7.698058605194092,0.4998146240761275,3.941414700006135,0.30262969993054867,94.27758026123047
biogrid_human_physical,random,47,test,gcn_dot,train_graph_degree_features,dot_product,10,64,64,0.2,0.01,0.0001,100000,,20376,200000,192306,0.5506937149782579,0.5267042385244377,0.49965670704841614,7.696881294250488,0.4998204048901241,3.941414700006135,0.3031409999821335,94.27758026123047
biogrid_human_physical,random,48,val,gcn_dot,train_graph_degree_features,dot_product,10,64,64,0.2,0.01,0.0001,100000,,20376,200000,192306,0.5550159288959281,0.5291133843850775,0.4995741546154022,7.662468910217285,0.4997785366698065,3.7297019000397995,0.31105559994466603,88.11591339111328
biogrid_human_physical,random,48,test,gcn_dot,train_graph_degree_features,dot_product,10,64,64,0.2,0.01,0.0001,100000,,20376,200000,192306,0.5550037910752634,0.5291070507943918,0.4995955228805542,7.669615268707275,0.4997886345401829,3.7297019000397995,0.2901672999141738,88.11591339111328
biogrid_human_physical,random,49,val,gcn_dot,train_graph_degree_features,dot_product,10,64,64,0.2,0.01,0.0001,100000,,20376,200000,192306,0.5404764473058581,0.5210934001600783,0.4998054504394531,7.766174793243408,0.4998985341211097,3.7968791999155656,0.3285439999308437,98.09760284423828
biogrid_human_physical,random,49,test,gcn_dot,train_graph_degree_features,dot_product,10,64,64,0.2,0.01,0.0001,100000,,20376,200000,192306,0.5399920506019537,0.5208315586734665,0.4998095631599426,7.770050525665283,0.49990090333832615,3.7968791999155656,0.37007639999501407,98.09760284423828
biogrid_human_physical,random,50,val,gcn_dot,train_graph_degree_features,dot_product,10,64,64,0.2,0.01,0.0001,100000,,20376,200000,192306,0.5276594682595395,0.5142242340744343,0.499885231256485,7.839186668395996,0.4999400907164945,3.927034099935554,0.32432100002188236,139.60122680664062
biogrid_human_physical,random,50,test,gcn_dot,train_graph_degree_features,dot_product,10,64,64,0.2,0.01,0.0001,100000,,20376,200000,192306,0.5282683968467153,0.5145460389133385,0.49989208579063416,7.835837364196777,0.49994370121424647,3.927034099935554,0.4100406999932602,139.60122680664062
biogrid_human_physical,random,51,val,gcn_dot,train_graph_degree_features,dot_product,10,64,64,0.2,0.01,0.0001,100000,,20376,200000,192306,0.5471000397858529,0.5247173701437557,0.4997127652168274,7.720132350921631,0.49985012468791507,4.09116750000976,0.33998930000234395,95.07530975341797
biogrid_human_physical,random,51,test,gcn_dot,train_graph_degree_features,dot_product,10,64,64,0.2,0.01,0.0001,100000,,20376,200000,192306,0.5472014491959305,0.5247743326075153,0.499712198972702,7.722788333892822,0.499849918967492,4.09116750000976,0.2884164999704808,95.07530975341797
biogrid_human_physical,degree_matched,42,val,gcn_dot,train_graph_degree_features,dot_product,10,64,64,0.2,0.01,0.0001,100000,,20376,200000,192306,0.49997919900574406,0.49998959955694666,0.5,7.971078872680664,0.4999997019767761,3.62681759998668,0.31992069992702454,650.5172119140625
biogrid_human_physical,degree_matched,42,test,gcn_dot,train_graph_degree_features,dot_product,10,64,64,0.2,0.01,0.0001,100000,,20376,200000,192306,0.49999479600633007,0.4999973988818916,0.49999967217445374,7.970930576324463,0.49999940395355225,3.62681759998668,0.33867000008467585,650.5172119140625
biogrid_human_physical,degree_matched,43,val,gcn_dot,train_graph_degree_features,dot_product,10,64,64,0.2,0.01,0.0001,100000,,20376,200000,192306,0.49990119437142855,0.49995059465725045,0.5,7.970953941345215,0.4999998211860657,3.629453600035049,0.30875580001156777,525.2630615234375
biogrid_human_physical,degree_matched,43,test,gcn_dot,train_graph_degree_features,dot_product,10,64,64,0.2,0.01,0.0001,100000,,20376,200000,192306,0.49995318942093747,0.49997659485855434,0.4999999701976776,7.9707865715026855,0.49999934434890747,3.629453600035049,0.29362000001128763,525.2630615234375
biogrid_human_physical,degree_matched,44,val,gcn_dot,train_graph_degree_features,dot_product,10,64,64,0.2,0.01,0.0001,100000,,20376,200000,192306,0.4999324057325861,0.4999661975797414,0.5,7.970644474029541,0.4999990463256836,3.612949600093998,0.2839069999754429,520.6349487304688
biogrid_human_physical,degree_matched,44,test,gcn_dot,train_graph_degree_features,dot_product,10,64,64,0.2,0.01,0.0001,100000,,20376,200000,192306,0.4999168050544954,0.49995839860651287,0.4999999701976776,7.970876693725586,0.5,3.612949600093998,0.2913308000424877,520.6349487304688
biogrid_human_physical,degree_matched,45,val,gcn_dot,train_graph_degree_features,dot_product,10,64,64,0.2,0.01,0.0001,100000,,20376,200000,192306,0.4998491929403675,0.499924567778178,0.49999988079071045,7.969822883605957,0.4999997019767761,3.711528899963014,0.2876350999576971,301.9364929199219
biogrid_human_physical,degree_matched,45,test,gcn_dot,train_graph_degree_features,dot_product,10,64,64,0.2,0.01,0.0001,100000,,20376,200000,192306,0.49988551013826726,0.4999427540512549,0.5000000596046448,7.969686508178711,0.500000037955785,3.711528899963014,0.3138166000135243,301.9364929199219
biogrid_human_physical,degree_matched,46,val,gcn_dot,train_graph_degree_features,dot_product,10,64,64,0.2,0.01,0.0001,100000,,20376,200000,192306,0.4999323966469862,0.49996619614639076,0.49999985098838806,7.970818519592285,0.4999995231628418,5.564841499901377,0.6096487999893725,516.3854370117188
biogrid_human_physical,degree_matched,46,test,gcn_dot,train_graph_degree_features,dot_product,10,64,64,0.2,0.01,0.0001,100000,,20376,200000,192306,0.4998803986230251,0.49994019835227255,0.5,7.971079349517822,0.5,5.564841499901377,0.4228492999682203,516.3854370117188
biogrid_human_physical,degree_matched,47,val,gcn_dot,train_graph_degree_features,dot_product,10,64,64,0.2,0.01,0.0001,100000,,20376,200000,192306,0.4999947920584206,0.4999973976377154,0.4999995231628418,7.970605373382568,0.4999990463256836,4.980207300046459,0.4327958000358194,494.4246826171875
biogrid_human_physical,degree_matched,47,test,gcn_dot,train_graph_degree_features,dot_product,10,64,64,0.2,0.01,0.0001,100000,,20376,200000,192306,0.49991679348117174,0.49995839503671274,0.5,7.970931529998779,0.4999997019767761,4.980207300046459,0.4477626000298187,494.4246826171875
biogrid_human_physical,degree_matched,48,val,gcn_dot,train_graph_degree_features,dot_product,10,64,64,0.2,0.01,0.0001,100000,,20376,200000,192306,0.49993238415428637,0.4999661900877481,0.4999999701976776,7.970730781555176,0.5,5.184182800003327,0.3902436000062153,435.9635314941406
biogrid_human_physical,degree_matched,48,test,gcn_dot,train_graph_degree_features,dot_product,10,64,64,0.2,0.01,0.0001,100000,,20376,200000,192306,0.499942783380512,0.49997139045817396,0.5,7.970768451690674,0.4999999403953552,5.184182800003327,0.43662519997451454,435.9635314941406
biogrid_human_physical,degree_matched,49,val,gcn_dot,train_graph_degree_features,dot_product,10,64,64,0.2,0.01,0.0001,100000,,20376,200000,192306,0.49992719600633534,0.4999635974083138,0.5,7.971103191375732,0.5,4.762131300056353,0.6118330999743193,516.5391845703125
biogrid_human_physical,degree_matched,49,test,gcn_dot,train_graph_degree_features,dot_product,10,64,64,0.2,0.01,0.0001,100000,,20376,200000,192306,0.49990639690491273,0.49995319664081983,0.4999997913837433,7.97098970413208,0.4999995231628418,4.762131300056353,0.3970327000133693,516.5391845703125
biogrid_human_physical,degree_matched,50,val,gcn_dot,train_graph_degree_features,dot_product,10,64,64,0.2,0.01,0.0001,100000,,20376,200000,192306,0.49996359881438196,0.499981798960982,0.49999991059303284,7.9710001945495605,0.4999998211860657,4.437454700004309,0.5001197999808937,726.1881103515625
biogrid_human_physical,degree_matched,50,test,gcn_dot,train_graph_degree_features,dot_product,10,64,64,0.2,0.01,0.0001,100000,,20376,200000,192306,0.49996879945503286,0.49998439961936003,0.5,7.971089839935303,0.5,4.437454700004309,0.5091155000263825,726.1881103515625
biogrid_human_physical,degree_matched,51,val,gcn_dot,train_graph_degree_features,dot_product,10,64,64,0.2,0.01,0.0001,100000,,20376,200000,192306,0.49992199455447023,0.499960995640999,0.49999988079071045,7.970932960510254,0.4999998211860657,5.792911200085655,0.6582407000241801,495.5279235839844
biogrid_human_physical,degree_matched,51,test,gcn_dot,train_graph_degree_features,dot_product,10,64,64,0.2,0.01,0.0001,100000,,20376,200000,192306,0.4999063934978128,0.49995319244864256,0.5,7.970789909362793,0.4999995827674866,5.792911200085655,0.5082061999710277,495.5279235839844
biogrid_human_physical,two_hop,42,val,gcn_dot,train_graph_degree_features,dot_product,10,64,64,0.2,0.01,0.0001,100000,,20376,200000,192306,0.5000520031075706,0.5000260039608915,0.5,7.970701217651367,0.4999997019767761,5.2323325999313965,0.33175820007454604,628.1171264648438
biogrid_human_physical,two_hop,42,test,gcn_dot,train_graph_degree_features,dot_product,10,64,64,0.2,0.01,0.0001,100000,,20376,200000,192306,0.5000104003619256,0.5000052008300329,0.499999463558197,7.970728397369385,0.49999934434890747,5.2323325999313965,0.30096579995006323,628.1171264648438
biogrid_human_physical,two_hop,43,val,gcn_dot,train_graph_degree_features,dot_product,10,64,64,0.2,0.01,0.0001,100000,,20376,200000,192306,0.500197636999676,0.5000988485912433,0.499996542930603,7.969367980957031,0.499997869905562,4.1044031999772415,0.4208939000964165,511.5307922363281
biogrid_human_physical,two_hop,43,test,gcn_dot,train_graph_degree_features,dot_product,10,64,64,0.2,0.01,0.0001,100000,,20376,200000,192306,0.5001559826608029,0.50007802121856,0.4999969005584717,7.969950199127197,0.4999976314882227,4.1044031999772415,0.4232998000225052,511.5307922363281
biogrid_human_physical,two_hop,44,val,gcn_dot,train_graph_degree_features,dot_product,10,64,64,0.2,0.01,0.0001,100000,,20376,200000,192306,0.5001768073425156,0.5000884362719442,0.4999992251396179,7.969681262969971,0.49999862909317017,4.681380799971521,0.3754410999827087,509.3034362792969
biogrid_human_physical,two_hop,44,test,gcn_dot,train_graph_degree_features,dot_product,10,64,64,0.2,0.01,0.0001,100000,,20376,200000,192306,0.5001456244820196,0.5000728297739151,0.49999600648880005,7.9700164794921875,0.4999978624748955,4.681380799971521,0.46578610001597553,509.3034362792969
biogrid_human_physical,two_hop,45,val,gcn_dot,train_graph_degree_features,dot_product,10,64,64,0.2,0.01,0.0001,100000,,20376,200000,192306,0.5006449914964403,0.5003228420134849,0.4999929666519165,7.966029167175293,0.49999602072063093,4.411500500049442,0.3290510999504477,294.0260314941406
biogrid_human_physical,two_hop,45,test,gcn_dot,train_graph_degree_features,dot_product,10,64,64,0.2,0.01,0.0001,100000,,20376,200000,192306,0.5006447288252575,0.5003227700383697,0.4999968707561493,7.966166019439697,0.4999984880447135,4.411500500049442,0.44456329999957234,294.0260314941406
biogrid_human_physical,two_hop,46,val,gcn_dot,train_graph_degree_features,dot_product,10,64,64,0.2,0.01,0.0001,100000,,20376,200000,192306,0.5001872042432602,0.5000936355049247,0.4999987781047821,7.969639301300049,0.49999886751174927,4.215053700027056,0.3522660000016913,496.1722106933594
biogrid_human_physical,two_hop,46,test,gcn_dot,train_graph_degree_features,dot_product,10,64,64,0.2,0.01,0.0001,100000,,20376,200000,192306,0.5001924241908109,0.50009624249323,0.4999987483024597,7.969831943511963,0.49999940395355225,4.215053700027056,0.37220119999255985,496.1722106933594
biogrid_human_physical,two_hop,47,val,gcn_dot,train_graph_degree_features,dot_product,10,64,64,0.2,0.01,0.0001,100000,,20376,200000,192306,0.5001924130501347,0.5000962400326413,0.4999997615814209,7.969563007354736,0.49999916553497314,5.1596957999281585,0.5145385999931023,479.62225341796875
biogrid_human_physical,two_hop,47,test,gcn_dot,train_graph_degree_features,dot_product,10,64,64,0.2,0.01,0.0001,100000,,20376,200000,192306,0.5002704022713791,0.500135260547346,0.49999862909317017,7.9693522453308105,0.49999892711639404,5.1596957999281585,0.3404452999820933,479.62225341796875
biogrid_human_physical,two_hop,48,val,gcn_dot,train_graph_degree_features,dot_product,10,64,64,0.2,0.01,0.0001,100000,,20376,200000,192306,0.5002444408727005,0.5001222703515155,0.49999940395355225,7.969204902648926,0.4999995827674866,7.631347300019115,0.4750347000081092,421.7545471191406
biogrid_human_physical,two_hop,48,test,gcn_dot,train_graph_degree_features,dot_product,10,64,64,0.2,0.01,0.0001,100000,,20376,200000,192306,0.5001976367292711,0.5000988541409633,0.49999889731407166,7.969350814819336,0.49999934434890747,7.631347300019115,0.5813033999875188,421.7545471191406
biogrid_human_physical,two_hop,49,val,gcn_dot,train_graph_degree_features,dot_product,10,64,64,0.2,0.01,0.0001,100000,,20376,200000,192306,0.5001664233130374,0.5000832307573182,0.4999995827674866,7.970036029815674,0.4999998211860657,6.351350600016303,0.5206867000088096,504.61114501953125
biogrid_human_physical,two_hop,49,test,gcn_dot,train_graph_degree_features,dot_product,10,64,64,0.2,0.01,0.0001,100000,,20376,200000,192306,0.5001092143730446,0.5000546197806196,0.49999985098838806,7.970100402832031,0.4999995827674866,6.351350600016303,0.5591237000189722,504.61114501953125
biogrid_human_physical,two_hop,50,val,gcn_dot,train_graph_degree_features,dot_product,10,64,64,0.2,0.01,0.0001,100000,,20376,200000,192306,0.50003120297861,0.5000156027605344,0.4999963939189911,7.9705963134765625,0.499997969005498,5.528206999995746,0.6203730999259278,709.8507080078125
biogrid_human_physical,two_hop,50,test,gcn_dot,train_graph_degree_features,dot_product,10,64,64,0.2,0.01,0.0001,100000,,20376,200000,192306,0.5000936034195729,0.5000468085795238,0.4999981224536896,7.970492839813232,0.4999990437903181,5.528206999995746,0.4978214999428019,709.8507080078125
biogrid_human_physical,two_hop,51,val,gcn_dot,train_graph_degree_features,dot_product,10,64,64,0.2,0.01,0.0001,100000,,20376,200000,192306,0.5001975978450668,0.5000988353878019,0.49999526143074036,7.969727516174316,0.49999731926633223,5.218223099946044,0.5337350000627339,482.6564025878906
biogrid_human_physical,two_hop,51,test,gcn_dot,train_graph_degree_features,dot_product,10,64,64,0.2,0.01,0.0001,100000,,20376,200000,192306,0.5001560142440786,0.5000780343950463,0.49999764561653137,7.969663619995117,0.4999983020056074,5.218223099946044,0.5290756000904366,482.6564025878906
biogrid_human_physical_no_string_overlap,random,42,val,gcn_dot,train_graph_degree_features,dot_product,10,64,64,0.2,0.01,0.0001,100000,,19591,200000,107600,0.609932856960241,0.5617771594533408,0.4989047646522522,7.328636646270752,0.49941537679128045,4.19951329997275,0.28011339996010065,46.790470123291016
biogrid_human_physical_no_string_overlap,random,42,test,gcn_dot,train_graph_degree_features,dot_product,10,64,64,0.2,0.01,0.0001,100000,,19591,200000,107600,0.6107231930874365,0.5622673962023851,0.49903205037117004,7.332292079925537,0.49948782736871766,4.19951329997275,0.2401526999892667,46.790470123291016
biogrid_human_physical_no_string_overlap,random,43,val,gcn_dot,train_graph_degree_features,dot_product,10,64,64,0.2,0.01,0.0001,100000,,19591,200000,107600,0.66009186561131,0.595401629185556,0.4968952536582947,6.887476921081543,0.49833093271434964,4.070642300066538,0.3070834999671206,37.365535736083984
biogrid_human_physical_no_string_overlap,random,43,test,gcn_dot,train_graph_degree_features,dot_product,10,64,64,0.2,0.01,0.0001,100000,,19591,200000,107600,0.6620082824311441,0.5967721318506151,0.4968809187412262,6.871197700500488,0.49832558595170323,4.070642300066538,0.333262600004673,37.365535736083984
biogrid_human_physical_no_string_overlap,random,44,val,gcn_dot,train_graph_degree_features,dot_product,10,64,64,0.2,0.01,0.0001,100000,,19591,200000,107600,0.6530535174334241,0.5904310906816747,0.49770087003707886,6.9669694900512695,0.49878672455489415,3.143425100017339,0.21497279999312013,38.16349411010742
biogrid_human_physical_no_string_overlap,random,44,test,gcn_dot,train_graph_degree_features,dot_product,10,64,64,0.2,0.01,0.0001,100000,,19591,200000,107600,0.6526254271983527,0.5901209778469956,0.49775874614715576,6.96293830871582,0.49881936008713057,3.143425100017339,0.21046740002930164,38.16349411010742
biogrid_human_physical_no_string_overlap,random,45,val,gcn_dot,train_graph_degree_features,dot_product,10,64,64,0.2,0.01,0.0001,100000,,19591,200000,107600,0.7326497674852476,0.652012806451568,0.49278679490089417,6.1663336753845215,0.4961439763984494,2.8011768999276683,0.2784867000300437,22.964113235473633
biogrid_human_physical_no_string_overlap,random,45,test,gcn_dot,train_graph_degree_features,dot_product,10,64,64,0.2,0.01,0.0001,100000,,19591,200000,107600,0.7330620783294869,0.6523956439960085,0.49276861548423767,6.168210506439209,0.49612794525284304,2.8011768999276683,0.23552949994336814,22.964113235473633
biogrid_human_physical_no_string_overlap,random,46,val,gcn_dot,train_graph_degree_features,dot_product,10,64,64,0.2,0.01,0.0001,100000,,19591,200000,107600,0.6412601935089344,0.5822981322994716,0.4981560707092285,7.074241638183594,0.4990266385774187,3.13337459997274,0.21366740006487817,38.961666107177734
biogrid_human_physical_no_string_overlap,random,46,test,gcn_dot,train_graph_degree_features,dot_product,10,64,64,0.2,0.01,0.0001,100000,,19591,200000,107600,0.6401254771216539,0.5815240419910541,0.49814167618751526,7.073010444641113,0.49902156721592833,3.13337459997274,0.33050000004004687,38.961666107177734
biogrid_human_physical_no_string_overlap,random,47,val,gcn_dot,train_graph_degree_features,dot_product,10,64,64,0.2,0.01,0.0001,100000,,19591,200000,107600,0.6589773273932091,0.5945951922521989,0.49729597568511963,6.903267860412598,0.49856096774118097,3.319499299977906,0.23923820001073182,36.764404296875
biogrid_human_physical_no_string_overlap,random,47,test,gcn_dot,train_graph_degree_features,dot_product,10,64,64,0.2,0.01,0.0001,100000,,19591,200000,107600,0.6580558975138542,0.5939442821871981,0.497376024723053,6.908431053161621,0.49860943731543744,3.319499299977906,0.2753076000371948,36.764404296875
biogrid_human_physical_no_string_overlap,random,48,val,gcn_dot,train_graph_degree_features,dot_product,10,64,64,0.2,0.01,0.0001,100000,,19591,200000,107600,0.666198027597739,0.599766657794497,0.4967251121997833,6.829450607299805,0.4982497575801544,4.150393399992026,0.24548900010995567,33.311649322509766
biogrid_human_physical_no_string_overlap,random,48,test,gcn_dot,train_graph_degree_features,dot_product,10,64,64,0.2,0.01,0.0001,100000,,19591,200000,107600,0.666893741794613,0.6002724376723891,0.49681273102760315,6.829680442810059,0.49830446405758644,4.150393399992026,0.23351199994795024,33.311649322509766
biogrid_human_physical_no_string_overlap,random,49,val,gcn_dot,train_graph_degree_features,dot_product,10,64,64,0.2,0.01,0.0001,100000,,19591,200000,107600,0.6399809026962038,0.5814237484681467,0.4982515275478363,7.081943511962891,0.4990779825419077,4.181554400012828,0.45968259999062866,38.255859375
biogrid_human_physical_no_string_overlap,random,49,test,gcn_dot,train_graph_degree_features,dot_product,10,64,64,0.2,0.01,0.0001,100000,,19591,200000,107600,0.6388047269938227,0.5806378115781292,0.49835219979286194,7.093594551086426,0.49913451976049344,4.181554400012828,0.30430750001687557,38.255859375
biogrid_human_physical_no_string_overlap,random,50,val,gcn_dot,train_graph_degree_features,dot_product,10,64,64,0.2,0.01,0.0001,100000,,19591,200000,107600,0.6083821563065739,0.5607970298687811,0.49887004494667053,7.33757209777832,0.4993996955199534,4.338272899971344,0.3895854000002146,52.678890228271484
biogrid_human_physical_no_string_overlap,random,50,test,gcn_dot,train_graph_degree_features,dot_product,10,64,64,0.2,0.01,0.0001,100000,,19591,200000,107600,0.6073433139052804,0.5601440672319414,0.49883797764778137,7.340208530426025,0.4993812790069882,4.338272899971344,0.2068648999556899,52.678890228271484
biogrid_human_physical_no_string_overlap,random,51,val,gcn_dot,train_graph_degree_features,dot_product,10,64,64,0.2,0.01,0.0001,100000,,19591,200000,107600,0.6537771833238899,0.5909364525516597,0.4975930452346802,6.956700801849365,0.498723021100888,3.207964100060053,0.21336110006086528,36.193443298339844
biogrid_human_physical_no_string_overlap,random,51,test,gcn_dot,train_graph_degree_features,dot_product,10,64,64,0.2,0.01,0.0001,100000,,19591,200000,107600,0.6525937844626248,0.5901025562354206,0.4976442754268646,6.973348140716553,0.49875336253842456,3.207964100060053,0.19110090006142855,36.193443298339844
biogrid_human_physical_no_string_overlap,degree_matched,42,val,gcn_dot,train_graph_degree_features,dot_product,10,64,64,0.2,0.01,0.0001,100000,,19591,200000,107600,0.4999534968767707,0.4999767493388208,0.49999985098838806,7.970011234283447,0.49999988079071045,3.1800270999083295,0.21207130001857877,339.12548828125
biogrid_human_physical_no_string_overlap,degree_matched,42,test,gcn_dot,train_graph_degree_features,dot_product,10,64,64,0.2,0.01,0.0001,100000,,19591,200000,107600,0.5000836332762124,0.5000418338740393,0.4999994933605194,7.969964027404785,0.4999997019767761,3.1800270999083295,0.20541330007836223,339.12548828125
biogrid_human_physical_no_string_overlap,degree_matched,43,val,gcn_dot,train_graph_degree_features,dot_product,10,64,64,0.2,0.01,0.0001,100000,,19591,200000,107600,0.5000090798220036,0.5000046008879493,0.4999973475933075,7.966433525085449,0.49999743700027466,2.977504099952057,0.17223849997390062,269.0976867675781
biogrid_human_physical_no_string_overlap,degree_matched,43,test,gcn_dot,train_graph_degree_features,dot_product,10,64,64,0.2,0.01,0.0001,100000,,19591,200000,107600,0.499943955134672,0.49997201962091725,0.49999839067459106,7.966786861419678,0.49999696016311646,2.977504099952057,0.1945079000433907,269.0976867675781
biogrid_human_physical_no_string_overlap,degree_matched,44,val,gcn_dot,train_graph_degree_features,dot_product,10,64,64,0.2,0.01,0.0001,100000,,19591,200000,107600,0.500018624500767,0.5000093284071943,0.4999993145465851,7.966997146606445,0.4999992847442627,3.4315034999744967,0.2382657000562176,274.57745361328125
biogrid_human_physical_no_string_overlap,degree_matched,44,test,gcn_dot,train_graph_degree_features,dot_product,10,64,64,0.2,0.01,0.0001,100000,,19591,200000,107600,0.49999990032614255,0.4999999761396396,0.4999995231628418,7.967877388000488,0.49999934434890747,3.4315034999744967,0.19634520006366074,274.57745361328125
biogrid_human_physical_no_string_overlap,degree_matched,45,val,gcn_dot,train_graph_degree_features,dot_product,10,64,64,0.2,0.01,0.0001,100000,,19591,200000,107600,0.5002043502370062,0.5001026601074392,0.4999953508377075,7.955297946929932,0.49999855952025785,3.2893924999516457,0.23858189990278333,160.9410858154297
biogrid_human_physical_no_string_overlap,degree_matched,45,test,gcn_dot,train_graph_degree_features,dot_product,10,64,64,0.2,0.01,0.0001,100000,,19591,200000,107600,0.5003891953193017,0.5001957766223848,0.49999383091926575,7.954539775848389,0.49999189376831055,3.2893924999516457,0.20396219997201115,160.9410858154297
biogrid_human_physical_no_string_overlap,degree_matched,46,val,gcn_dot,train_graph_degree_features,dot_product,10,64,64,0.2,0.01,0.0001,100000,,19591,200000,107600,0.49988822449247533,0.4999441342800906,0.4999973475933075,7.969047546386719,0.4999982479580273,3.187691399944015,0.22506470000371337,270.38592529296875
biogrid_human_physical_no_string_overlap,degree_matched,46,test,gcn_dot,train_graph_degree_features,dot_product,10,64,64,0.2,0.01,0.0001,100000,,19591,200000,107600,0.499972262337447,0.49998609419345635,0.49999484419822693,7.967988967895508,0.49999647647197804,3.187691399944015,0.26147749996744096,270.38592529296875
biogrid_human_physical_no_string_overlap,degree_matched,47,val,gcn_dot,train_graph_degree_features,dot_product,10,64,64,0.2,0.01,0.0001,100000,,19591,200000,107600,0.49991614319177463,0.4999580831905503,0.5,7.967742919921875,0.5000013189001155,2.5039866000879556,0.1761388999875635,258.06707763671875
biogrid_human_physical_no_string_overlap,degree_matched,47,test,gcn_dot,train_graph_degree_features,dot_product,10,64,64,0.2,0.01,0.0001,100000,,19591,200000,107600,0.49999967230275977,0.49999991273186517,0.4999990463256836,7.967419624328613,0.49999886751174927,2.5039866000879556,0.17549219995271415,258.06707763671875
biogrid_human_physical_no_string_overlap,degree_matched,48,val,gcn_dot,train_graph_degree_features,dot_product,10,64,64,0.2,0.01,0.0001,100000,,19591,200000,107600,0.49993506533215404,0.4999674658445125,0.499992698431015,7.965653419494629,0.49999430800348404,2.584861799958162,0.19640480005182326,236.3462371826172
biogrid_human_physical_no_string_overlap,degree_matched,48,test,gcn_dot,train_graph_degree_features,dot_product,10,64,64,0.2,0.01,0.0001,100000,,19591,200000,107600,0.5001014831884579,0.5000509965730027,0.4999914765357971,7.965965747833252,0.4999944336069782,2.584861799958162,0.17432109999936074,236.3462371826172
biogrid_human_physical_no_string_overlap,degree_matched,49,val,gcn_dot,train_graph_degree_features,dot_product,10,64,64,0.2,0.01,0.0001,100000,,19591,200000,107600,0.5000649294854963,0.5000325215408546,0.5,7.969115734100342,0.49999910593032837,2.833313100039959,0.21264529996551573,270.0353088378906
biogrid_human_physical_no_string_overlap,degree_matched,49,test,gcn_dot,train_graph_degree_features,dot_product,10,64,64,0.2,0.01,0.0001,100000,,19591,200000,107600,0.4999628805572062,0.49998142224700204,0.4999961853027344,7.968196868896484,0.4999975034716404,2.833313100039959,0.22706209996249527,270.0353088378906
biogrid_human_physical_no_string_overlap,degree_matched,50,val,gcn_dot,train_graph_degree_features,dot_product,10,64,64,0.2,0.01,0.0001,100000,,19591,200000,107600,0.4999999435123893,0.4999999859139724,0.49999913573265076,7.969891548156738,0.499999463558197,2.624744899920188,0.2611528999404982,372.6664733886719
biogrid_human_physical_no_string_overlap,degree_matched,50,test,gcn_dot,train_graph_degree_features,dot_product,10,64,64,0.2,0.01,0.0001,100000,,19591,200000,107600,0.4999256576401653,0.49996281750277904,0.4999981224536896,7.970006465911865,0.4999998791056051,2.624744899920188,0.2969025999773294,372.6664733886719
biogrid_human_physical_no_string_overlap,degree_matched,51,val,gcn_dot,train_graph_degree_features,dot_product,10,64,64,0.2,0.01,0.0001,100000,,19591,200000,107600,0.49992531543234603,0.4999626973801125,0.4999997019767761,7.967868328094482,0.49999886751174927,3.1286214001011103,0.2665759000228718,259.71881103515625
biogrid_human_physical_no_string_overlap,degree_matched,51,test,gcn_dot,train_graph_degree_features,dot_product,10,64,64,0.2,0.01,0.0001,100000,,19591,200000,107600,0.49992571568248095,0.4999628114340795,0.49999868869781494,7.967528343200684,0.49999886751174927,3.1286214001011103,0.2060541999526322,259.71881103515625
biogrid_human_physical_no_string_overlap,two_hop,42,val,gcn_dot,train_graph_degree_features,dot_product,10,64,64,0.2,0.01,0.0001,100000,,19591,200000,107600,0.5011433662470115,0.5005725274802374,0.49997204542160034,7.963695526123047,0.4999848644584971,3.492816500016488,0.22624099999666214,414.3060302734375
biogrid_human_physical_no_string_overlap,two_hop,42,test,gcn_dot,train_graph_degree_features,dot_product,10,64,64,0.2,0.01,0.0001,100000,,19591,200000,107600,0.5011340134879285,0.5005677597569362,0.49997591972351074,7.964071750640869,0.49998704963567975,3.492816500016488,0.3938258000416681,414.3060302734375
biogrid_human_physical_no_string_overlap,two_hop,43,val,gcn_dot,train_graph_degree_features,dot_product,10,64,64,0.2,0.01,0.0001,100000,,19591,200000,107600,0.5021851836624701,0.5010961555625357,0.49993565678596497,7.953979969024658,0.4999628773952062,4.158103000023402,0.2464367999928072,330.20648193359375
biogrid_human_physical_no_string_overlap,two_hop,43,test,gcn_dot,train_graph_degree_features,dot_product,10,64,64,0.2,0.01,0.0001,100000,,19591,200000,107600,0.5024266434958058,0.5012176030363371,0.49990686774253845,7.95289945602417,0.49994429864570994,4.158103000023402,0.24398820009082556,330.20648193359375
biogrid_human_physical_no_string_overlap,two_hop,44,val,gcn_dot,train_graph_degree_features,dot_product,10,64,64,0.2,0.01,0.0001,100000,,19591,200000,107600,0.5023148002722462,0.501161167148412,0.49994686245918274,7.955306529998779,0.49997030578304397,3.711787599953823,0.260384599911049,336.5724792480469
biogrid_human_physical_no_string_overlap,two_hop,44,test,gcn_dot,train_graph_degree_features,dot_product,10,64,64,0.2,0.01,0.0001,100000,,19591,200000,107600,0.5022221659457442,0.5011143977515276,0.49993273615837097,7.955774307250977,0.4999614294105967,3.711787599953823,0.31885959999635816,336.5724792480469
biogrid_human_physical_no_string_overlap,two_hop,45,val,gcn_dot,train_graph_degree_features,dot_product,10,64,64,0.2,0.01,0.0001,100000,,19591,200000,107600,0.5050554998548942,0.5025485758058509,0.49991944432258606,7.9297356605529785,0.49994906006470935,2.6098225000314415,0.18652290001045913,197.14068603515625
biogrid_human_physical_no_string_overlap,two_hop,45,test,gcn_dot,train_graph_degree_features,dot_product,10,64,64,0.2,0.01,0.0001,100000,,19591,200000,107600,0.5052677999889443,0.5026569821987225,0.4998983144760132,7.928068161010742,0.49993888779588347,2.6098225000314415,0.21799469995312393,197.14068603515625
biogrid_human_physical_no_string_overlap,two_hop,46,val,gcn_dot,train_graph_degree_features,dot_product,10,64,64,0.2,0.01,0.0001,100000,,19591,200000,107600,0.5019242442406822,0.5009648223665669,0.4999595284461975,7.9587016105651855,0.4999768945391959,2.5905794999562204,0.18077079998329282,329.7156982421875
biogrid_human_physical_no_string_overlap,two_hop,46,test,gcn_dot,train_graph_degree_features,dot_product,10,64,64,0.2,0.01,0.0001,100000,,19591,200000,107600,0.5023434992606515,0.5011753312909867,0.49995356798171997,7.955798149108887,0.49997285956509946,2.5905794999562204,0.2229269000235945,329.7156982421875
biogrid_human_physical_no_string_overlap,two_hop,47,val,gcn_dot,train_graph_degree_features,dot_product,10,64,64,0.2,0.01,0.0001,100000,,19591,200000,107600,0.5023241557952488,0.5011658600901994,0.499936580657959,7.954885482788086,0.499960307797978,3.0102515999460593,0.26928649994079024,313.6449890136719
biogrid_human_physical_no_string_overlap,two_hop,47,test,gcn_dot,train_graph_degree_features,dot_product,10,64,64,0.2,0.01,0.0001,100000,,19591,200000,107600,0.502045647171819,0.501025821881855,0.4999302923679352,7.95534086227417,0.4999590727576093,3.0102515999460593,0.22143229993525892,313.6449890136719
biogrid_human_physical_no_string_overlap,two_hop,48,val,gcn_dot,train_graph_degree_features,dot_product,10,64,64,0.2,0.01,0.0001,100000,,19591,200000,107600,0.5023062556142119,0.5011571261016461,0.49997037649154663,7.954036235809326,0.4999821646799607,2.88186899991706,0.20158160000573844,290.516845703125
biogrid_human_physical_no_string_overlap,two_hop,48,test,gcn_dot,train_graph_degree_features,dot_product,10,64,64,0.2,0.01,0.0001,100000,,19591,200000,107600,0.5023429594325672,0.5011757037330646,0.49995777010917664,7.953395843505859,0.49997562590030936,2.88186899991706,0.1906938999891281,290.516845703125
biogrid_human_physical_no_string_overlap,two_hop,49,val,gcn_dot,train_graph_degree_features,dot_product,10,64,64,0.2,0.01,0.0001,100000,,19591,200000,107600,0.5018316023134008,0.5009179121557119,0.49995410442352295,7.958703994750977,0.49997318252588735,3.612381700077094,0.2104248000541702,340.580322265625
biogrid_human_physical_no_string_overlap,two_hop,49,test,gcn_dot,train_graph_degree_features,dot_product,10,64,64,0.2,0.01,0.0001,100000,,19591,200000,107600,0.5018312340210886,0.5009178990568385,0.4999513626098633,7.95939302444458,0.49997246161324826,3.612381700077094,0.21679840004071593,340.580322265625
biogrid_human_physical_no_string_overlap,two_hop,50,val,gcn_dot,train_graph_degree_features,dot_product,10,64,64,0.2,0.01,0.0001,100000,,19591,200000,107600,0.5009854142770277,0.5004933408258891,0.49994227290153503,7.963841915130615,0.49996676275499685,3.7838283999590203,0.24939230002928525,461.3733215332031
biogrid_human_physical_no_string_overlap,two_hop,50,test,gcn_dot,train_graph_degree_features,dot_product,10,64,64,0.2,0.01,0.0001,100000,,19591,200000,107600,0.5013292740564669,0.5006657194506895,0.4999377727508545,7.962337017059326,0.4999625136750338,3.7838283999590203,0.23448179999832064,461.3733215332031
biogrid_human_physical_no_string_overlap,two_hop,51,val,gcn_dot,train_graph_degree_features,dot_product,10,64,64,0.2,0.01,0.0001,100000,,19591,200000,107600,0.5019436657868188,0.5009745505784315,0.4999508857727051,7.955949306488037,0.4999716803160077,3.7510693999938667,0.23872280004434288,322.0896911621094
biogrid_human_physical_no_string_overlap,two_hop,51,test,gcn_dot,train_graph_degree_features,dot_product,10,64,64,0.2,0.01,0.0001,100000,,19591,200000,107600,0.5020643430162658,0.5010351485926043,0.49995213747024536,7.956944465637207,0.49997272568342854,3.7510693999938667,0.3256466001039371,322.0896911621094
string_human_physical_no_biogrid_overlap,random,42,val,gcn_dot,train_graph_degree_features,dot_product,10,64,64,0.2,0.01,0.0001,100000,,16781,200000,62906,0.7632286061282487,0.6839412735950997,0.4841105043888092,5.563346862792969,0.4909997747645061,2.7763642999343574,0.16061359993182123,15.359797477722168
string_human_physical_no_biogrid_overlap,random,42,test,gcn_dot,train_graph_degree_features,dot_product,10,64,64,0.2,0.01,0.0001,100000,,16781,200000,62906,0.7631591372000153,0.6839471906137571,0.48391368985176086,5.556550979614258,0.4908490859241405,2.7763642999343574,0.14742689998820424,15.359797477722168
string_human_physical_no_biogrid_overlap,random,43,val,gcn_dot,train_graph_degree_features,dot_product,10,64,64,0.2,0.01,0.0001,100000,,16781,200000,62906,0.7988179833305282,0.7226846315318872,0.47225871682167053,4.921213626861572,0.4838083629763093,2.145048200036399,0.12973379995673895,12.342499732971191
string_human_physical_no_biogrid_overlap,random,43,test,gcn_dot,train_graph_degree_features,dot_product,10,64,64,0.2,0.01,0.0001,100000,,16781,200000,62906,0.8032914350904738,0.7276747921393769,0.47221335768699646,4.881241321563721,0.4838030718782652,2.145048200036399,0.13324430002830923,12.342499732971191
string_human_physical_no_biogrid_overlap,random,44,val,gcn_dot,train_graph_degree_features,dot_product,10,64,64,0.2,0.01,0.0001,100000,,16781,200000,62906,0.7851145420417862,0.7069633012230732,0.4798774719238281,5.219339370727539,0.4885523715165296,2.191361500066705,0.17284710006788373,14.098296165466309
string_human_physical_no_biogrid_overlap,random,44,test,gcn_dot,train_graph_degree_features,dot_product,10,64,64,0.2,0.01,0.0001,100000,,16781,200000,62906,0.7842137895718428,0.7063529004832444,0.47998860478401184,5.214498043060303,0.488608227959044,2.191361500066705,0.17498250002972782,14.098296165466309
string_human_physical_no_biogrid_overlap,random,45,val,gcn_dot,train_graph_degree_features,dot_product,10,64,64,0.2,0.01,0.0001,100000,,16781,200000,62906,0.8429994605359927,0.7832546160572289,0.4560750126838684,3.940722703933716,0.4742363068563466,2.259670599945821,0.13115530007053167,8.013696670532227
string_human_physical_no_biogrid_overlap,random,45,test,gcn_dot,train_graph_degree_features,dot_product,10,64,64,0.2,0.01,0.0001,100000,,16781,200000,62906,0.843627866504169,0.7837237786802976,0.4559468924999237,3.9287633895874023,0.47414415513821423,2.259670599945821,0.1335767999989912,8.013696670532227
string_human_physical_no_biogrid_overlap,random,46,val,gcn_dot,train_graph_degree_features,dot_product,10,64,64,0.2,0.01,0.0001,100000,,16781,200000,62906,0.7972798543285147,0.7209716954393078,0.47667595744132996,5.033041477203369,0.4865842956380541,2.482312199892476,0.17009439994581044,12.594103813171387
string_human_physical_no_biogrid_overlap,random,46,test,gcn_dot,train_graph_degree_features,dot_product,10,64,64,0.2,0.01,0.0001,100000,,16781,200000,62906,0.7939476747134422,0.7179250580953465,0.4762694537639618,5.0323262214660645,0.48633254968740636,2.482312199892476,0.16537189995869994,12.594103813171387
string_human_physical_no_biogrid_overlap,random,47,val,gcn_dot,train_graph_degree_features,dot_product,10,64,64,0.2,0.01,0.0001,100000,,16781,200000,62906,0.7968822236850586,0.7198105946286043,0.4767105281352997,5.052515506744385,0.48664494832153377,2.3360916998935863,0.14398179994896054,12.926679611206055
string_human_physical_no_biogrid_overlap,random,47,test,gcn_dot,train_graph_degree_features,dot_product,10,64,64,0.2,0.01,0.0001,100000,,16781,200000,62906,0.7932482295008446,0.7162456601444263,0.4766167402267456,5.069368362426758,0.48657007976351174,2.3360916998935863,0.14991359994746745,12.926679611206055
string_human_physical_no_biogrid_overlap,random,48,val,gcn_dot,train_graph_degree_features,dot_product,10,64,64,0.2,0.01,0.0001,100000,,16781,200000,62906,0.8133074858850788,0.7402687693342107,0.4699209928512573,4.685746192932129,0.48255846634319105,2.0426046999637038,0.1341262999922037,10.99284839630127
string_human_physical_no_biogrid_overlap,random,48,test,gcn_dot,train_graph_degree_features,dot_product,10,64,64,0.2,0.01,0.0001,100000,,16781,200000,62906,0.8097654529951454,0.7367199153862645,0.4706501066684723,4.730134010314941,0.4828542299914261,2.0426046999637038,0.13176619994919747,10.99284839630127
string_human_physical_no_biogrid_overlap,random,49,val,gcn_dot,train_graph_degree_features,dot_product,10,64,64,0.2,0.01,0.0001,100000,,16781,200000,62906,0.7809997212863133,0.7028180201866556,0.4799588620662689,5.269114971160889,0.48856368675329115,2.342133699916303,0.18107450008392334,12.956631660461426
string_human_physical_no_biogrid_overlap,random,49,test,gcn_dot,train_graph_degree_features,dot_product,10,64,64,0.2,0.01,0.0001,100000,,16781,200000,62906,0.7790200008741814,0.7009419147654077,0.48083624243736267,5.3133111000061035,0.48901405028196543,2.342133699916303,0.16495939996093512,12.956631660461426
string_human_physical_no_biogrid_overlap,random,50,val,gcn_dot,train_graph_degree_features,dot_product,10,64,64,0.2,0.01,0.0001,100000,,16781,200000,62906,0.7512707726891366,0.6723413082216444,0.4854798913002014,5.706685543060303,0.49175291446965896,2.3511713999323547,0.11779759998898953,18.37612533569336
string_human_physical_no_biogrid_overlap,random,50,test,gcn_dot,train_graph_degree_features,dot_product,10,64,64,0.2,0.01,0.0001,100000,,16781,200000,62906,0.7517844510634886,0.6727390741418622,0.4852711260318756,5.711915969848633,0.4916355330309299,2.3511713999323547,0.11381229991093278,18.37612533569336
string_human_physical_no_biogrid_overlap,random,51,val,gcn_dot,train_graph_degree_features,dot_product,10,64,64,0.2,0.01,0.0001,100000,,16781,200000,62906,0.7982008672635441,0.7222511798465617,0.4752998352050781,4.971179485321045,0.4857793544140983,1.7480221000732854,0.1228588999947533,12.359546661376953
string_human_physical_no_biogrid_overlap,random,51,test,gcn_dot,train_graph_degree_features,dot_product,10,64,64,0.2,0.01,0.0001,100000,,16781,200000,62906,0.8003122344535056,0.7242363756942649,0.4751754403114319,4.93224573135376,0.4857316228722447,1.7480221000732854,0.12042259995359927,12.359546661376953
string_human_physical_no_biogrid_overlap,degree_matched,42,val,gcn_dot,train_graph_degree_features,dot_product,10,64,64,0.2,0.01,0.0001,100000,,16781,200000,62906,0.49975517370639044,0.4998966414029487,0.49984246492385864,7.831021308898926,0.49972058273561687,1.7802797999465838,0.12344609992578626,87.0941390991211
string_human_physical_no_biogrid_overlap,degree_matched,42,test,gcn_dot,train_graph_degree_features,dot_product,10,64,64,0.2,0.01,0.0001,100000,,16781,200000,62906,0.4990862826923189,0.4995522033737328,0.49978402256965637,7.829294681549072,0.4996638191325053,1.7802797999465838,0.11833249998744577,87.0941390991211
string_human_physical_no_biogrid_overlap,degree_matched,43,val,gcn_dot,train_graph_degree_features,dot_product,10,64,64,0.2,0.01,0.0001,100000,,16781,200000,62906,0.49910489500771454,0.4995566167583468,0.499571830034256,7.705514430999756,0.4992460628645569,1.8155828999588266,0.11739030003082007,69.82782745361328
string_human_physical_no_biogrid_overlap,degree_matched,43,test,gcn_dot,train_graph_degree_features,dot_product,10,64,64,0.2,0.01,0.0001,100000,,16781,200000,62906,0.5011584708219115,0.5006473934367324,0.4994933605194092,7.694605827331543,0.499217016337517,1.8155828999588266,0.1204577999887988,69.82782745361328
string_human_physical_no_biogrid_overlap,degree_matched,44,val,gcn_dot,train_graph_degree_features,dot_product,10,64,64,0.2,0.01,0.0001,100000,,16781,200000,62906,0.49931971901308997,0.4997002480280612,0.49974191188812256,7.751614570617676,0.4995886701163709,1.678405600017868,0.11527379998005927,74.9664077758789
string_human_physical_no_biogrid_overlap,degree_matched,44,test,gcn_dot,train_graph_degree_features,dot_product,10,64,64,0.2,0.01,0.0001,100000,,16781,200000,62906,0.500243710343129,0.5001795697530509,0.49968644976615906,7.7360124588012695,0.4995040915480282,1.678405600017868,0.1256592000136152,74.9664077758789
string_human_physical_no_biogrid_overlap,degree_matched,45,val,gcn_dot,train_graph_degree_features,dot_product,10,64,64,0.2,0.01,0.0001,100000,,16781,200000,62906,0.5037086814950157,0.5021993389548599,0.4988437592983246,7.378963470458984,0.4984393363267603,1.7934359000064433,0.11573789990507066,44.738468170166016
string_human_physical_no_biogrid_overlap,degree_matched,45,test,gcn_dot,train_graph_degree_features,dot_product,10,64,64,0.2,0.01,0.0001,100000,,16781,200000,62906,0.5022637970292527,0.5013859930873908,0.4988720118999481,7.39166784286499,0.498415362469946,1.7934359000064433,0.125333399977535,44.738468170166016
string_human_physical_no_biogrid_overlap,degree_matched,46,val,gcn_dot,train_graph_degree_features,dot_product,10,64,64,0.2,0.01,0.0001,100000,,16781,200000,62906,0.5012710281750818,0.5007243418618702,0.4995744526386261,7.725215911865234,0.49937672631519153,1.6476083000889048,0.1143028000369668,70.11113739013672
string_human_physical_no_biogrid_overlap,degree_matched,46,test,gcn_dot,train_graph_degree_features,dot_product,10,64,64,0.2,0.01,0.0001,100000,,16781,200000,62906,0.4994257646334751,0.4997577609891204,0.4996376037597656,7.719604969024658,0.49949628063629026,1.6476083000889048,0.11274679994676262,70.11113739013672
string_human_physical_no_biogrid_overlap,degree_matched,47,val,gcn_dot,train_graph_degree_features,dot_product,10,64,64,0.2,0.01,0.0001,100000,,16781,200000,62906,0.5004793052800695,0.5002900760901796,0.49964335560798645,7.746088981628418,0.49944153133114966,1.8256406000582501,0.107518499949947,71.827392578125
string_human_physical_no_biogrid_overlap,degree_matched,47,test,gcn_dot,train_graph_degree_features,dot_product,10,64,64,0.2,0.01,0.0001,100000,,16781,200000,62906,0.5007355786581139,0.5004322063068349,0.4996441900730133,7.737919330596924,0.49944997544251185,1.8256406000582501,0.12091900000814348,71.827392578125
string_human_physical_no_biogrid_overlap,degree_matched,48,val,gcn_dot,train_graph_degree_features,dot_product,10,64,64,0.2,0.01,0.0001,100000,,16781,200000,62906,0.5012130219990666,0.5006959133997073,0.49946334958076477,7.658036708831787,0.4991639724419204,1.8941769000375643,0.12996829999610782,61.9586181640625
string_human_physical_no_biogrid_overlap,degree_matched,48,test,gcn_dot,train_graph_degree_features,dot_product,10,64,64,0.2,0.01,0.0001,100000,,16781,200000,62906,0.5013590174336624,0.500777023336109,0.49941182136535645,7.652409553527832,0.49906472781180305,1.8941769000375643,0.1322667000349611,61.9586181640625
string_human_physical_no_biogrid_overlap,degree_matched,49,val,gcn_dot,train_graph_degree_features,dot_product,10,64,64,0.2,0.01,0.0001,100000,,16781,200000,62906,0.5006339953234135,0.5003789297673502,0.4997000992298126,7.7730183601379395,0.49952558766100263,1.870104799978435,0.1296965000219643,72.6122817993164
string_human_physical_no_biogrid_overlap,degree_matched,49,test,gcn_dot,train_graph_degree_features,dot_product,10,64,64,0.2,0.01,0.0001,100000,,16781,200000,62906,0.5014620007605869,0.5008064358204816,0.4996963441371918,7.766063213348389,0.49952681528018417,1.870104799978435,0.1183246000437066,72.6122817993164
string_human_physical_no_biogrid_overlap,degree_matched,50,val,gcn_dot,train_graph_degree_features,dot_product,10,64,64,0.2,0.01,0.0001,100000,,16781,200000,62906,0.49836047213879553,0.4991805438222179,0.49982795119285583,7.851798057556152,0.49971843834230795,1.8923905999399722,0.13185130001511425,103.27565002441406
string_human_physical_no_biogrid_overlap,degree_matched,50,test,gcn_dot,train_graph_degree_features,dot_product,10,64,64,0.2,0.01,0.0001,100000,,16781,200000,62906,0.4991057951471194,0.4995623911755377,0.49983587861061096,7.850114345550537,0.4997316186816098,1.8923905999399722,0.12044730002526194,103.27565002441406
string_human_physical_no_biogrid_overlap,degree_matched,51,val,gcn_dot,train_graph_degree_features,dot_product,10,64,64,0.2,0.01,0.0001,100000,,16781,200000,62906,0.5015954655066587,0.5009206037147841,0.49956798553466797,7.7079973220825195,0.4993984842618402,1.629269800032489,0.12549890007358044,68.3981704711914
string_human_physical_no_biogrid_overlap,degree_matched,51,test,gcn_dot,train_graph_degree_features,dot_product,10,64,64,0.2,0.01,0.0001,100000,,16781,200000,62906,0.5005467889485714,0.5003377714266408,0.4995584487915039,7.710127353668213,0.49929880147229977,1.629269800032489,0.11450069991406053,68.3981704711914
string_human_physical_no_biogrid_overlap,two_hop,42,val,gcn_dot,train_graph_degree_features,dot_product,10,64,64,0.2,0.01,0.0001,100000,,16781,200000,62906,0.5197469277218656,0.5103825031371755,0.49936965107917786,7.708153247833252,0.4994380087095297,1.7191208000294864,0.11340989999007434,66.35347747802734
string_human_physical_no_biogrid_overlap,two_hop,42,test,gcn_dot,train_graph_degree_features,dot_product,10,64,64,0.2,0.01,0.0001,100000,,16781,200000,62906,0.5177388582253135,0.5093325475118264,0.4994012117385864,7.721395969390869,0.4994479718913039,1.7191208000294864,0.12064280000049621,66.35347747802734
string_human_physical_no_biogrid_overlap,two_hop,43,val,gcn_dot,train_graph_degree_features,dot_product,10,64,64,0.2,0.01,0.0001,100000,,16781,200000,62906,0.5301011514396263,0.516309069006172,0.49855533242225647,7.502002716064453,0.4986294855246145,1.611420699977316,0.0989314999897033,53.048919677734375
string_human_physical_no_biogrid_overlap,two_hop,43,test,gcn_dot,train_graph_degree_features,dot_product,10,64,64,0.2,0.01,0.0001,100000,,16781,200000,62906,0.5314833703328702,0.5171299812089941,0.49866726994514465,7.502868175506592,0.498698570282172,1.611420699977316,0.09904460003599524,53.048919677734375
string_human_physical_no_biogrid_overlap,two_hop,44,val,gcn_dot,train_graph_degree_features,dot_product,10,64,64,0.2,0.01,0.0001,100000,,16781,200000,62906,0.5275287794455676,0.5148342736315492,0.49885159730911255,7.581486701965332,0.49901568929034723,1.7295491999248043,0.11289400001987815,57.46421813964844
string_human_physical_no_biogrid_overlap,two_hop,44,test,gcn_dot,train_graph_degree_features,dot_product,10,64,64,0.2,0.01,0.0001,100000,,16781,200000,62906,0.5258876337594139,0.5139378084437983,0.4991273581981659,7.581017971038818,0.4991479075631894,1.7295491999248043,0.11461739998776466,57.46421813964844
string_human_physical_no_biogrid_overlap,two_hop,45,val,gcn_dot,train_graph_degree_features,dot_product,10,64,64,0.2,0.01,0.0001,100000,,16781,200000,62906,0.5493726756648052,0.5289306877090824,0.49714896082878113,7.067923545837402,0.49740655941716544,1.7350857000565156,0.10937279998324811,34.24298858642578
string_human_physical_no_biogrid_overlap,two_hop,45,test,gcn_dot,train_graph_degree_features,dot_product,10,64,64,0.2,0.01,0.0001,100000,,16781,200000,62906,0.5469774648528186,0.52739410727298,0.4975072741508484,7.0858988761901855,0.4975703960391245,1.7350857000565156,0.12865440000314265,34.24298858642578
string_human_physical_no_biogrid_overlap,two_hop,46,val,gcn_dot,train_graph_degree_features,dot_product,10,64,64,0.2,0.01,0.0001,100000,,16781,200000,62906,0.530186940638224,0.5163376031743463,0.4987318217754364,7.541230201721191,0.4988360192894508,1.971974499989301,0.13445500005036592,53.889198303222656
string_human_physical_no_biogrid_overlap,two_hop,46,test,gcn_dot,train_graph_degree_features,dot_product,10,64,64,0.2,0.01,0.0001,100000,,16781,200000,62906,0.5295766921143237,0.5160670766036566,0.49880367517471313,7.5335469245910645,0.4988893135935348,1.971974499989301,0.11781239998526871,53.889198303222656
string_human_physical_no_biogrid_overlap,two_hop,47,val,gcn_dot,train_graph_degree_features,dot_product,10,64,64,0.2,0.01,0.0001,100000,,16781,200000,62906,0.5254623742441443,0.5136539638223719,0.49899911880493164,7.586366176605225,0.4990795189195857,1.7693969999672845,0.10981470008846372,54.337013244628906
string_human_physical_no_biogrid_overlap,two_hop,47,test,gcn_dot,train_graph_degree_features,dot_product,10,64,64,0.2,0.01,0.0001,100000,,16781,200000,62906,0.5274516828340683,0.514793929198611,0.49896150827407837,7.571208953857422,0.4990335395681958,1.7693969999672845,0.1172135000815615,54.337013244628906
string_human_physical_no_biogrid_overlap,two_hop,48,val,gcn_dot,train_graph_degree_features,dot_product,10,64,64,0.2,0.01,0.0001,100000,,16781,200000,62906,0.5353142655895166,0.5194302661089636,0.4983386695384979,7.424922466278076,0.4984827801706953,1.970873499987647,0.18388890009373426,46.95969009399414
string_human_physical_no_biogrid_overlap,two_hop,48,test,gcn_dot,train_graph_degree_features,dot_product,10,64,64,0.2,0.01,0.0001,100000,,16781,200000,62906,0.5327795276102569,0.5180520909418704,0.4985910654067993,7.446969509124756,0.4985022269113793,1.970873499987647,0.1282060999656096,46.95969009399414
string_human_physical_no_biogrid_overlap,two_hop,49,val,gcn_dot,train_graph_degree_features,dot_product,10,64,64,0.2,0.01,0.0001,100000,,16781,200000,62906,0.5232554750216123,0.5124175729350104,0.49908289313316345,7.633357524871826,0.4991715530458439,1.66707480000332,0.10879420000128448,54.9245491027832
string_human_physical_no_biogrid_overlap,two_hop,49,test,gcn_dot,train_graph_degree_features,dot_product,10,64,64,0.2,0.01,0.0001,100000,,16781,200000,62906,0.5231607481109236,0.5123826509754057,0.499208003282547,7.6370086669921875,0.4992036778354624,1.66707480000332,0.1246971000218764,54.9245491027832
string_human_physical_no_biogrid_overlap,two_hop,50,val,gcn_dot,train_graph_degree_features,dot_product,10,64,64,0.2,0.01,0.0001,100000,,16781,200000,62906,0.517280060556972,0.5090356969659314,0.49944716691970825,7.737332820892334,0.49946980644488254,2.2174230999080464,0.1823154001031071,78.74474334716797
string_human_physical_no_biogrid_overlap,two_hop,50,test,gcn_dot,train_graph_degree_features,dot_product,10,64,64,0.2,0.01,0.0001,100000,,16781,200000,62906,0.5148144094142052,0.5077183021497854,0.49936383962631226,7.749331474304199,0.4994457843508117,2.2174230999080464,0.1076195000205189,78.74474334716797
string_human_physical_no_biogrid_overlap,two_hop,51,val,gcn_dot,train_graph_degree_features,dot_product,10,64,64,0.2,0.01,0.0001,100000,,16781,200000,62906,0.5290775029013727,0.5157865862612486,0.49875786900520325,7.527980327606201,0.4988395799084869,2.296769900014624,0.10643530008383095,52.02825164794922
string_human_physical_no_biogrid_overlap,two_hop,51,test,gcn_dot,train_graph_degree_features,dot_product,10,64,64,0.2,0.01,0.0001,100000,,16781,200000,62906,0.5302698631379429,0.5164647090584731,0.49882662296295166,7.529916763305664,0.49888877385152236,2.296769900014624,0.11042239994276315,52.02825164794922
